data,phone,company,country,date,other,predicted_label,company_score,country_score,date_score,other_score,phone_score,ParsedCountry,ParsedNumber,ParsedCompanyName,ParsedLegalSuffix
(896) 991-2378,1,0,0,0,0,phone,0.0,0.0,0.0,0.0,1.0, , , , 
(150) 199-8786,1,0,0,0,0,phone,0.0,0.0,0.0,0.0,1.0, , , , 
-1867,0,0,0,0,1,other,0.035,0.0,0.31,0.52,0.135, , , , 
-113960,0,0,0,0,1,other,0.03,0.0,0.33,0.36,0.28, , , , 
543.961.3404,1,0,0,0,0,phone,0.0,0.0,0.0,0.0,1.0, , , , 
Call (344) 720-6978,1,0,0,0,0,phone,0.165,0.145,0.0,0.12,0.57, , , , 
681-478-1408,1,0,0,0,0,phone,0.0,0.0,0.0,0.0,1.0, , , , 
-191043,0,0,0,0,1,other,0.03,0.0,0.33,0.36,0.28, , , , 
(098) 359-6049,1,0,0,0,0,phone,0.0,0.0,0.0,0.0,1.0, , , , 
Call +91-82135-02995,1,0,0,0,0,phone,0.14,0.155,0.0,0.115,0.59,IN,8213502995, , 
Call 116.742.5788,1,0,0,0,0,phone,0.12,0.195,0.0,0.11,0.575, , , , 
119-551-2392,1,0,0,0,0,phone,0.0,0.0,0.0,0.0,1.0, , , , 
580-987-2645,1,0,0,0,0,phone,0.0,0.0,0.0,0.0,1.0, , , , 
Call (756) 644-9877,1,0,0,0,0,phone,0.165,0.145,0.0,0.12,0.57, , , , 
754-887-1011,1,0,0,0,0,phone,0.0,0.0,0.0,0.0,1.0, , , , 
(878) 381-3263,1,0,0,0,0,phone,0.0,0.0,0.0,0.0,1.0, , , , 
Call +91-39864-52156,1,0,0,0,0,phone,0.14,0.155,0.0,0.115,0.59, , , , 
-133764,0,0,0,0,1,other,0.03,0.0,0.33,0.36,0.28, , , , 
-9911,0,0,0,0,1,other,0.035,0.0,0.31,0.52,0.135, , , , 
739.235.2097,1,0,0,0,0,phone,0.0,0.0,0.0,0.0,1.0, , , , 
(422) 920-2451,1,0,0,0,0,phone,0.0,0.0,0.0,0.0,1.0, , , , 
573.819.0903,1,0,0,0,0,phone,0.0,0.0,0.0,0.0,1.0, , , , 
-95409,0,0,0,0,1,other,0.035,0.0,0.31,0.49,0.165, , , , 
094.200.5884,1,0,0,0,0,phone,0.0,0.0,0.0,0.0,1.0, , , , 
-74324,0,0,0,0,1,other,0.035,0.0,0.31,0.49,0.165, , , , 
-81070,0,0,0,0,1,other,0.035,0.0,0.31,0.49,0.165, , , , 
-103427,0,0,0,0,1,other,0.03,0.0,0.33,0.36,0.28, , , , 
-5597,0,0,0,0,1,other,0.035,0.0,0.31,0.52,0.135, , , , 
-2174,0,0,0,0,1,other,0.035,0.0,0.31,0.52,0.135, , , , 
-1107,0,0,0,0,1,other,0.035,0.0,0.31,0.52,0.135, , , , 
(648) 906-1483,1,0,0,0,0,phone,0.0,0.0,0.0,0.0,1.0, , , , 
-2436,0,0,0,0,1,other,0.035,0.0,0.31,0.52,0.135, , , , 
-183187,0,0,0,0,1,other,0.03,0.0,0.33,0.36,0.28, , , , 
729.922.1482,1,0,0,0,0,phone,0.0,0.0,0.0,0.0,1.0, , , , 
-197145,0,0,0,0,1,other,0.03,0.0,0.33,0.36,0.28, , , , 
-6161,0,0,0,0,1,other,0.035,0.0,0.31,0.52,0.135, , , , 
338.439.0731,1,0,0,0,0,phone,0.0,0.0,0.0,0.0,1.0, , , , 
719-560-4288,1,0,0,0,0,phone,0.0,0.0,0.0,0.0,1.0, , , , 
-42743,0,0,0,0,1,other,0.035,0.0,0.31,0.49,0.165, , , , 
003.824.2390,1,0,0,0,0,phone,0.0,0.0,0.0,0.0,1.0, , , , 
488.835.6627,1,0,0,0,0,phone,0.0,0.0,0.0,0.0,1.0, , , , 
(359) 062-7010,1,0,0,0,0,phone,0.0,0.0,0.0,0.0,1.0, , , , 
-46087,0,0,0,0,1,other,0.035,0.0,0.31,0.49,0.165, , , , 
-140600,0,0,0,0,1,other,0.03,0.0,0.33,0.36,0.28, , , , 
849.679.2760,1,0,0,0,0,phone,0.0,0.0,0.0,0.0,1.0, , , , 
407.866.9162,1,0,0,0,0,phone,0.0,0.0,0.0,0.0,1.0, , , , 
236-955-5752,1,0,0,0,0,phone,0.0,0.0,0.0,0.0,1.0, , , , 
975-061-8888,1,0,0,0,0,phone,0.0,0.0,0.0,0.0,1.0, , , , 
106-711-0450,1,0,0,0,0,phone,0.0,0.0,0.0,0.0,1.0, , , , 
-3707,0,0,0,0,1,other,0.035,0.0,0.31,0.52,0.135, , , , 
-107824,0,0,0,0,1,other,0.03,0.0,0.33,0.36,0.28, , , , 
(855) 266-1943,1,0,0,0,0,phone,0.0,0.0,0.0,0.0,1.0, , , , 
Call 276.130.3411,1,0,0,0,0,phone,0.12,0.195,0.0,0.11,0.575, , , , 
Call +91-60142-64096,1,0,0,0,0,phone,0.14,0.155,0.0,0.115,0.59,IN,6014264096, , 
(470) 170-1347,1,0,0,0,0,phone,0.0,0.0,0.0,0.0,1.0, , , , 
376-061-7910,1,0,0,0,0,phone,0.0,0.0,0.0,0.0,1.0, , , , 
-8723,0,0,0,0,1,other,0.035,0.0,0.31,0.52,0.135, , , , 
(269) 139-3965,1,0,0,0,0,phone,0.0,0.0,0.0,0.0,1.0, , , , 
020-151-7243,1,0,0,0,0,phone,0.0,0.0,0.0,0.0,1.0, , , , 
525.078.3703,1,0,0,0,0,phone,0.0,0.0,0.0,0.0,1.0, , , , 
303-076-8563,1,0,0,0,0,phone,0.0,0.0,0.0,0.0,1.0, , , , 
(577) 472-7259,1,0,0,0,0,phone,0.0,0.0,0.0,0.0,1.0, , , , 
304.703.4050,1,0,0,0,0,phone,0.0,0.0,0.0,0.0,1.0, , , , 
-93461,0,0,0,0,1,other,0.035,0.0,0.31,0.49,0.165, , , , 
(770) 634-5776,1,0,0,0,0,phone,0.0,0.0,0.0,0.0,1.0, , , , 
882-486-3423,1,0,0,0,0,phone,0.0,0.0,0.0,0.0,1.0, , , , 
-100141,0,0,0,0,1,other,0.03,0.0,0.33,0.36,0.28, , , , 
(778) 237-9987,1,0,0,0,0,phone,0.0,0.0,0.0,0.0,1.0, , , , 
114.849.7487,1,0,0,0,0,phone,0.0,0.0,0.0,0.0,1.0, , , , 
(006) 701-6092,1,0,0,0,0,phone,0.0,0.0,0.0,0.0,1.0, , , , 
(920) 360-9226,1,0,0,0,0,phone,0.0,0.0,0.0,0.0,1.0, , , , 
-45433,0,0,0,0,1,other,0.035,0.0,0.31,0.49,0.165, , , , 
860-258-7736,1,0,0,0,0,phone,0.0,0.0,0.0,0.0,1.0, , , , 
372.256.8279,1,0,0,0,0,phone,0.0,0.0,0.0,0.0,1.0, , , , 
786-642-5404,1,0,0,0,0,phone,0.0,0.0,0.0,0.0,1.0, , , , 
026-672-7401,1,0,0,0,0,phone,0.0,0.0,0.0,0.0,1.0, , , , 
789-500-3530,1,0,0,0,0,phone,0.0,0.0,0.0,0.0,1.0, , , , 
-4341,0,0,0,0,1,other,0.035,0.0,0.31,0.52,0.135, , , , 
260.221.3264,1,0,0,0,0,phone,0.0,0.0,0.0,0.0,1.0, , , , 
028-966-9587,1,0,0,0,0,phone,0.0,0.0,0.0,0.0,1.0, , , , 
285-776-1465,1,0,0,0,0,phone,0.0,0.0,0.0,0.0,1.0, , , , 
-10125,0,0,0,0,1,other,0.035,0.0,0.31,0.49,0.165, , , , 
(187) 378-7916,1,0,0,0,0,phone,0.0,0.0,0.0,0.0,1.0, , , , 
(262) 561-7825,1,0,0,0,0,phone,0.0,0.0,0.0,0.0,1.0, , , , 
968-462-5137,1,0,0,0,0,phone,0.0,0.0,0.0,0.0,1.0, , , , 
-41723,0,0,0,0,1,other,0.035,0.0,0.31,0.49,0.165, , , , 
581-242-8956,1,0,0,0,0,phone,0.0,0.0,0.0,0.0,1.0, , , , 
(545) 783-5388,1,0,0,0,0,phone,0.0,0.0,0.0,0.0,1.0, , , , 
760.428.7910,1,0,0,0,0,phone,0.0,0.0,0.0,0.0,1.0, , , , 
(678) 200-0113,1,0,0,0,0,phone,0.0,0.0,0.0,0.0,1.0, , , , 
(380) 687-8650,1,0,0,0,0,phone,0.0,0.0,0.0,0.0,1.0, , , , 
317-166-8251,1,0,0,0,0,phone,0.0,0.0,0.0,0.0,1.0, , , , 
152-299-6630,1,0,0,0,0,phone,0.0,0.0,0.0,0.0,1.0, , , , 
-128774,0,0,0,0,1,other,0.03,0.0,0.33,0.36,0.28, , , , 
-171775,0,0,0,0,1,other,0.03,0.0,0.33,0.36,0.28, , , , 
(399) 504-1558,1,0,0,0,0,phone,0.0,0.0,0.0,0.0,1.0, , , , 
598.262.1155,1,0,0,0,0,phone,0.0,0.0,0.0,0.0,1.0, , , , 
903-804-5081,1,0,0,0,0,phone,0.0,0.0,0.0,0.0,1.0, , , , 
(578) 495-6339,1,0,0,0,0,phone,0.0,0.0,0.0,0.0,1.0, , , , 
-2484,0,0,0,0,1,other,0.035,0.0,0.31,0.52,0.135, , , , 
-6855,0,0,0,0,1,other,0.035,0.0,0.31,0.52,0.135, , , , 
156.685.7092,1,0,0,0,0,phone,0.0,0.0,0.0,0.0,1.0, , , , 
796-910-3583,1,0,0,0,0,phone,0.0,0.0,0.0,0.0,1.0, , , , 
445-312-6380,1,0,0,0,0,phone,0.0,0.0,0.0,0.0,1.0, , , , 
117.886.2081,1,0,0,0,0,phone,0.0,0.0,0.0,0.0,1.0, , , , 
Call (089) 465-5135,1,0,0,0,0,phone,0.165,0.145,0.0,0.12,0.57, , , , 
-145118,0,0,0,0,1,other,0.03,0.0,0.33,0.36,0.28, , , , 
(008) 084-2865,1,0,0,0,0,phone,0.0,0.0,0.0,0.0,1.0, , , , 
(188) 409-2643,1,0,0,0,0,phone,0.0,0.0,0.0,0.0,1.0, , , , 
(546) 352-6944,1,0,0,0,0,phone,0.0,0.0,0.0,0.0,1.0, , , , 
627.741.5657,1,0,0,0,0,phone,0.0,0.0,0.0,0.0,1.0, , , , 
190.548.3741,1,0,0,0,0,phone,0.0,0.0,0.0,0.0,1.0, , , , 
618-449-9703,1,0,0,0,0,phone,0.0,0.0,0.0,0.0,1.0, , , , 
-64936,0,0,0,0,1,other,0.035,0.0,0.31,0.49,0.165, , , , 
-10624,0,0,0,0,1,other,0.035,0.0,0.31,0.49,0.165, , , , 
(978) 435-6018,1,0,0,0,0,phone,0.0,0.0,0.0,0.0,1.0, , , , 
767-505-2085,1,0,0,0,0,phone,0.0,0.0,0.0,0.0,1.0, , , , 
Call 777-412-2740,1,0,0,0,0,phone,0.15,0.16,0.0,0.13,0.56, , , , 
-5437,0,0,0,0,1,other,0.035,0.0,0.31,0.52,0.135, , , , 
089-401-3273,1,0,0,0,0,phone,0.0,0.0,0.0,0.0,1.0, , , , 
(275) 554-3170,1,0,0,0,0,phone,0.0,0.0,0.0,0.0,1.0, , , , 
(207) 671-6826,1,0,0,0,0,phone,0.0,0.0,0.0,0.0,1.0, , , , 
943.222.5760,1,0,0,0,0,phone,0.0,0.0,0.0,0.0,1.0, , , , 
Call +1-749-831-8347,1,0,0,0,0,phone,0.14,0.155,0.0,0.115,0.59, , , , 
-5760,0,0,0,0,1,other,0.035,0.0,0.31,0.52,0.135, , , , 
372.662.1723,1,0,0,0,0,phone,0.0,0.0,0.0,0.0,1.0, , , , 
Call +91-34820-58470,1,0,0,0,0,phone,0.14,0.155,0.0,0.115,0.59, , , , 
-7228,0,0,0,0,1,other,0.035,0.0,0.31,0.52,0.135, , , , 
896.561.0784,1,0,0,0,0,phone,0.0,0.0,0.0,0.0,1.0, , , , 
400-703-9723,1,0,0,0,0,phone,0.0,0.0,0.0,0.0,1.0, , , , 
Call +1-462-576-4340,1,0,0,0,0,phone,0.14,0.155,0.0,0.115,0.59, , , , 
-3136,0,0,0,0,1,other,0.035,0.0,0.31,0.52,0.135, , , , 
-4974,0,0,0,0,1,other,0.035,0.0,0.31,0.52,0.135, , , , 
601.152.2300,1,0,0,0,0,phone,0.0,0.0,0.0,0.0,1.0, , , , 
(618) 443-0531,1,0,0,0,0,phone,0.0,0.0,0.0,0.0,1.0, , , , 
-1217,0,0,0,0,1,other,0.035,0.0,0.31,0.52,0.135, , , , 
-52787,0,0,0,0,1,other,0.035,0.0,0.31,0.49,0.165, , , , 
(624) 639-5780,1,0,0,0,0,phone,0.0,0.0,0.0,0.0,1.0, , , , 
Call 371-014-2620,1,0,0,0,0,phone,0.15,0.16,0.0,0.13,0.56, , , , 
536.487.7529,1,0,0,0,0,phone,0.0,0.0,0.0,0.0,1.0, , , , 
Call +1-595-593-7157,1,0,0,0,0,phone,0.14,0.155,0.0,0.115,0.59, , , , 
695.188.3033,1,0,0,0,0,phone,0.0,0.0,0.0,0.0,1.0, , , , 
Call 496.998.1548,1,0,0,0,0,phone,0.12,0.195,0.0,0.11,0.575, , , , 
Call +91-38766-24920,1,0,0,0,0,phone,0.14,0.155,0.0,0.115,0.59,IN,3876624920, , 
-5762,0,0,0,0,1,other,0.035,0.0,0.31,0.52,0.135, , , , 
Call +1-742-968-0662,1,0,0,0,0,phone,0.14,0.155,0.0,0.115,0.59,CA,7429680662, , 
-1119,0,0,0,0,1,other,0.035,0.0,0.31,0.52,0.135, , , , 
508.107.5332,1,0,0,0,0,phone,0.0,0.0,0.0,0.0,1.0, , , , 
396-417-6762,1,0,0,0,0,phone,0.0,0.0,0.0,0.0,1.0, , , , 
339-611-0703,1,0,0,0,0,phone,0.0,0.0,0.0,0.0,1.0, , , , 
(892) 147-1826,1,0,0,0,0,phone,0.0,0.0,0.0,0.0,1.0, , , , 
(845) 941-2925,1,0,0,0,0,phone,0.0,0.0,0.0,0.0,1.0, , , , 
-6313,0,0,0,0,1,other,0.035,0.0,0.31,0.52,0.135, , , , 
Call +91-95409-82477,1,0,0,0,0,phone,0.14,0.155,0.0,0.115,0.59,IN,9540982477, , 
-2974,0,0,0,0,1,other,0.035,0.0,0.31,0.52,0.135, , , , 
498-018-8327,1,0,0,0,0,phone,0.0,0.0,0.0,0.0,1.0, , , , 
(939) 507-0005,1,0,0,0,0,phone,0.0,0.0,0.0,0.0,1.0, , , , 
110-598-5915,1,0,0,0,0,phone,0.0,0.0,0.0,0.0,1.0, , , , 
(252) 094-0130,1,0,0,0,0,phone,0.0,0.0,0.0,0.0,1.0, , , , 
Call 416-390-1931,1,0,0,0,0,phone,0.15,0.16,0.0,0.13,0.56, , , , 
270.221.1665,1,0,0,0,0,phone,0.0,0.0,0.0,0.0,1.0, , , , 
-10270,0,0,0,0,1,other,0.035,0.0,0.31,0.49,0.165, , , , 
-3600,0,0,0,0,1,other,0.035,0.0,0.31,0.52,0.135, , , , 
391-891-4699,1,0,0,0,0,phone,0.0,0.0,0.0,0.0,1.0, , , , 
(221) 587-7108,1,0,0,0,0,phone,0.0,0.0,0.0,0.0,1.0, , , , 
(990) 673-6763,1,0,0,0,0,phone,0.0,0.0,0.0,0.0,1.0, , , , 
333-518-6951,1,0,0,0,0,phone,0.0,0.0,0.0,0.0,1.0, , , , 
181.075.6732,1,0,0,0,0,phone,0.0,0.0,0.0,0.0,1.0, , , , 
395-905-3878,1,0,0,0,0,phone,0.0,0.0,0.0,0.0,1.0, , , , 
Call +91-29903-74752,1,0,0,0,0,phone,0.14,0.155,0.0,0.115,0.59,IN,2990374752, , 
Call 106-415-9186,1,0,0,0,0,phone,0.15,0.16,0.0,0.13,0.56, , , , 
-156974,0,0,0,0,1,other,0.03,0.0,0.33,0.36,0.28, , , , 
740.497.0320,1,0,0,0,0,phone,0.0,0.0,0.0,0.0,1.0, , , , 
847.329.8655,1,0,0,0,0,phone,0.0,0.0,0.0,0.0,1.0, , , , 
(216) 169-4745,1,0,0,0,0,phone,0.0,0.0,0.0,0.0,1.0, , , , 
626-451-4513,1,0,0,0,0,phone,0.0,0.0,0.0,0.0,1.0, , , , 
-51050,0,0,0,0,1,other,0.035,0.0,0.31,0.49,0.165, , , , 
-89715,0,0,0,0,1,other,0.035,0.0,0.31,0.49,0.165, , , , 
(123) 260-5697,1,0,0,0,0,phone,0.0,0.0,0.0,0.0,1.0, , , , 
752-890-4319,1,0,0,0,0,phone,0.0,0.0,0.0,0.0,1.0, , , , 
-54027,0,0,0,0,1,other,0.035,0.0,0.31,0.49,0.165, , , , 
(237) 919-0536,1,0,0,0,0,phone,0.0,0.0,0.0,0.0,1.0, , , , 
-58770,0,0,0,0,1,other,0.035,0.0,0.31,0.49,0.165, , , , 
-5494,0,0,0,0,1,other,0.035,0.0,0.31,0.52,0.135, , , , 
-85035,0,0,0,0,1,other,0.035,0.0,0.31,0.49,0.165, , , , 
(083) 779-7129,1,0,0,0,0,phone,0.0,0.0,0.0,0.0,1.0, , , , 
-6311,0,0,0,0,1,other,0.035,0.0,0.31,0.52,0.135, , , , 
230.116.7826,1,0,0,0,0,phone,0.0,0.0,0.0,0.0,1.0, , , , 
Call (468) 431-2476,1,0,0,0,0,phone,0.165,0.145,0.0,0.12,0.57, , , , 
274.577.4845,1,0,0,0,0,phone,0.0,0.0,0.0,0.0,1.0, , , , 
-65925,0,0,0,0,1,other,0.035,0.0,0.31,0.49,0.165, , , , 
-9545,0,0,0,0,1,other,0.035,0.0,0.31,0.52,0.135, , , , 
685-603-4636,1,0,0,0,0,phone,0.0,0.0,0.0,0.0,1.0, , , , 
(081) 994-0735,1,0,0,0,0,phone,0.0,0.0,0.0,0.0,1.0, , , , 
(582) 258-1971,1,0,0,0,0,phone,0.0,0.0,0.0,0.0,1.0, , , , 
-99836,0,0,0,0,1,other,0.035,0.0,0.31,0.49,0.165, , , , 
(094) 753-9389,1,0,0,0,0,phone,0.0,0.0,0.0,0.0,1.0, , , , 
-9741,0,0,0,0,1,other,0.035,0.0,0.31,0.52,0.135, , , , 
-2764,0,0,0,0,1,other,0.035,0.0,0.31,0.52,0.135, , , , 
456.719.6367,1,0,0,0,0,phone,0.0,0.0,0.0,0.0,1.0, , , , 
Call +1-538-805-2360,1,0,0,0,0,phone,0.14,0.155,0.0,0.115,0.59, , , , 
022.554.4182,1,0,0,0,0,phone,0.0,0.0,0.0,0.0,1.0, , , , 
(725) 931-3020,1,0,0,0,0,phone,0.0,0.0,0.0,0.0,1.0, , , , 
Call +91-41288-70326,1,0,0,0,0,phone,0.14,0.155,0.0,0.115,0.59, , , , 
-8750,0,0,0,0,1,other,0.035,0.0,0.31,0.52,0.135, , , , 
-32479,0,0,0,0,1,other,0.035,0.0,0.31,0.49,0.165, , , , 
(129) 784-7673,1,0,0,0,0,phone,0.0,0.0,0.0,0.0,1.0, , , , 
120-799-0957,1,0,0,0,0,phone,0.0,0.0,0.0,0.0,1.0, , , , 
760-850-7799,1,0,0,0,0,phone,0.0,0.0,0.0,0.0,1.0, , , , 
Call 834.617.7514,1,0,0,0,0,phone,0.12,0.195,0.0,0.11,0.575, , , , 
305-737-5802,1,0,0,0,0,phone,0.0,0.0,0.0,0.0,1.0, , , , 
-5726,0,0,0,0,1,other,0.035,0.0,0.31,0.52,0.135, , , , 
-41079,0,0,0,0,1,other,0.035,0.0,0.31,0.49,0.165, , , , 
-89688,0,0,0,0,1,other,0.035,0.0,0.31,0.49,0.165, , , , 
-97788,0,0,0,0,1,other,0.035,0.0,0.31,0.49,0.165, , , , 
485-874-8496,1,0,0,0,0,phone,0.0,0.0,0.0,0.0,1.0, , , , 
-3875,0,0,0,0,1,other,0.035,0.0,0.31,0.52,0.135, , , , 
Call 814-959-7059,1,0,0,0,0,phone,0.15,0.16,0.0,0.13,0.56, , , , 
-51952,0,0,0,0,1,other,0.035,0.0,0.31,0.49,0.165, , , , 
-9006,0,0,0,0,1,other,0.035,0.0,0.31,0.52,0.135, , , , 
-1795,0,0,0,0,1,other,0.035,0.0,0.31,0.52,0.135, , , , 
-7473,0,0,0,0,1,other,0.035,0.0,0.31,0.52,0.135, , , , 
-137441,0,0,0,0,1,other,0.03,0.0,0.33,0.36,0.28, , , , 
098-077-9035,1,0,0,0,0,phone,0.0,0.0,0.0,0.0,1.0, , , , 
-11322,0,0,0,0,1,other,0.035,0.0,0.31,0.49,0.165, , , , 
(082) 634-6981,1,0,0,0,0,phone,0.0,0.0,0.0,0.0,1.0, , , , 
-65836,0,0,0,0,1,other,0.035,0.0,0.31,0.49,0.165, , , , 
(575) 505-9455,1,0,0,0,0,phone,0.0,0.0,0.0,0.0,1.0, , , , 
497.552.1407,1,0,0,0,0,phone,0.0,0.0,0.0,0.0,1.0, , , , 
881.508.9969,1,0,0,0,0,phone,0.0,0.0,0.0,0.0,1.0, , , , 
(336) 342-0918,1,0,0,0,0,phone,0.0,0.0,0.0,0.0,1.0, , , , 
(180) 125-5427,1,0,0,0,0,phone,0.0,0.0,0.0,0.0,1.0, , , , 
139.940.0550,1,0,0,0,0,phone,0.0,0.0,0.0,0.0,1.0, , , , 
-7536,0,0,0,0,1,other,0.035,0.0,0.31,0.52,0.135, , , , 
-941,0,0,0,0,1,other,0.035,0.0,0.31,0.52,0.135, , , , 
-139318,0,0,0,0,1,other,0.03,0.0,0.33,0.36,0.28, , , , 
(822) 646-7798,1,0,0,0,0,phone,0.0,0.0,0.0,0.0,1.0, , , , 
-76355,0,0,0,0,1,other,0.035,0.0,0.31,0.49,0.165, , , , 
758.200.6693,1,0,0,0,0,phone,0.0,0.0,0.0,0.0,1.0, , , , 
045-604-5525,1,0,0,0,0,phone,0.0,0.0,0.0,0.0,1.0, , , , 
087-755-7784,1,0,0,0,0,phone,0.0,0.0,0.0,0.0,1.0, , , , 
834-013-9085,1,0,0,0,0,phone,0.0,0.0,0.0,0.0,1.0, , , , 
-8055,0,0,0,0,1,other,0.035,0.0,0.31,0.52,0.135, , , , 
021.945.8200,1,0,0,0,0,phone,0.0,0.0,0.0,0.0,1.0, , , , 
Call (874) 280-5655,1,0,0,0,0,phone,0.165,0.145,0.0,0.12,0.57, , , , 
-104245,0,0,0,0,1,other,0.03,0.0,0.33,0.36,0.28, , , , 
Call +91-92177-06196,1,0,0,0,0,phone,0.14,0.155,0.0,0.115,0.59,IN,9217706196, , 
-135778,0,0,0,0,1,other,0.03,0.0,0.33,0.36,0.28, , , , 
316.041.4143,1,0,0,0,0,phone,0.0,0.0,0.0,0.0,1.0, , , , 
Call (372) 549-0110,1,0,0,0,0,phone,0.165,0.145,0.0,0.12,0.57, , , , 
-10376,0,0,0,0,1,other,0.035,0.0,0.31,0.49,0.165, , , , 
-8498,0,0,0,0,1,other,0.035,0.0,0.31,0.52,0.135, , , , 
-96746,0,0,0,0,1,other,0.035,0.0,0.31,0.49,0.165, , , , 
-149905,0,0,0,0,1,other,0.03,0.0,0.33,0.36,0.28, , , , 
765-044-5762,1,0,0,0,0,phone,0.0,0.0,0.0,0.0,1.0, , , , 
-5322,0,0,0,0,1,other,0.035,0.0,0.31,0.52,0.135, , , , 
(000) 945-7783,1,0,0,0,0,phone,0.0,0.0,0.0,0.0,1.0, , , , 
-7941,0,0,0,0,1,other,0.035,0.0,0.31,0.52,0.135, , , , 
Call +91-16021-25174,1,0,0,0,0,phone,0.14,0.155,0.0,0.115,0.59,IN,1602125174, , 
257.750.2993,1,0,0,0,0,phone,0.0,0.0,0.0,0.0,1.0, , , , 
930.432.0301,1,0,0,0,0,phone,0.0,0.0,0.0,0.0,1.0, , , , 
-69069,0,0,0,0,1,other,0.035,0.0,0.31,0.49,0.165, , , , 
393-722-2139,1,0,0,0,0,phone,0.0,0.0,0.0,0.0,1.0, , , , 
(630) 350-0615,1,0,0,0,0,phone,0.0,0.0,0.0,0.0,1.0, , , , 
-5139,0,0,0,0,1,other,0.035,0.0,0.31,0.52,0.135, , , , 
-7243,0,0,0,0,1,other,0.035,0.0,0.31,0.52,0.135, , , , 
(523) 961-9554,1,0,0,0,0,phone,0.0,0.0,0.0,0.0,1.0, , , , 
(588) 981-4061,1,0,0,0,0,phone,0.0,0.0,0.0,0.0,1.0, , , , 
017-522-6468,1,0,0,0,0,phone,0.0,0.0,0.0,0.0,1.0, , , , 
-84109,0,0,0,0,1,other,0.035,0.0,0.31,0.49,0.165, , , , 
(096) 970-4866,1,0,0,0,0,phone,0.0,0.0,0.0,0.0,1.0, , , , 
998-094-7407,1,0,0,0,0,phone,0.0,0.0,0.0,0.0,1.0, , , , 
987-453-9508,1,0,0,0,0,phone,0.0,0.0,0.0,0.0,1.0, , , , 
-93850,0,0,0,0,1,other,0.035,0.0,0.31,0.49,0.165, , , , 
-130171,0,0,0,0,1,other,0.03,0.0,0.33,0.36,0.28, , , , 
402-429-2871,1,0,0,0,0,phone,0.0,0.0,0.0,0.0,1.0, , , , 
(817) 933-9641,1,0,0,0,0,phone,0.0,0.0,0.0,0.0,1.0, , , , 
(588) 553-9716,1,0,0,0,0,phone,0.0,0.0,0.0,0.0,1.0, , , , 
510-746-5209,1,0,0,0,0,phone,0.0,0.0,0.0,0.0,1.0, , , , 
346-991-1006,1,0,0,0,0,phone,0.0,0.0,0.0,0.0,1.0, , , , 
788-564-6834,1,0,0,0,0,phone,0.0,0.0,0.0,0.0,1.0, , , , 
120.774.1526,1,0,0,0,0,phone,0.0,0.0,0.0,0.0,1.0, , , , 
-6416,0,0,0,0,1,other,0.035,0.0,0.31,0.52,0.135, , , , 
270-406-5479,1,0,0,0,0,phone,0.0,0.0,0.0,0.0,1.0, , , , 
735-952-6773,1,0,0,0,0,phone,0.0,0.0,0.0,0.0,1.0, , , , 
(300) 398-6752,1,0,0,0,0,phone,0.0,0.0,0.0,0.0,1.0, , , , 
-9240,0,0,0,0,1,other,0.035,0.0,0.31,0.52,0.135, , , , 
-22934,0,0,0,0,1,other,0.035,0.0,0.31,0.49,0.165, , , , 
814-578-9767,1,0,0,0,0,phone,0.0,0.0,0.0,0.0,1.0, , , , 
-9310,0,0,0,0,1,other,0.035,0.0,0.31,0.52,0.135, , , , 
341-367-1536,1,0,0,0,0,phone,0.0,0.0,0.0,0.0,1.0, , , , 
-11197,0,0,0,0,1,other,0.035,0.0,0.31,0.49,0.165, , , , 
-190269,0,0,0,0,1,other,0.03,0.0,0.33,0.36,0.28, , , , 
Call 064-234-6268,1,0,0,0,0,phone,0.15,0.16,0.0,0.13,0.56, , , , 
681.740.3994,1,0,0,0,0,phone,0.0,0.0,0.0,0.0,1.0, , , , 
142.798.6237,1,0,0,0,0,phone,0.0,0.0,0.0,0.0,1.0, , , , 
-113727,0,0,0,0,1,other,0.03,0.0,0.33,0.36,0.28, , , , 
-113699,0,0,0,0,1,other,0.03,0.0,0.33,0.36,0.28, , , , 
-8376,0,0,0,0,1,other,0.035,0.0,0.31,0.52,0.135, , , , 
-100800,0,0,0,0,1,other,0.03,0.0,0.33,0.36,0.28, , , , 
(489) 125-4458,1,0,0,0,0,phone,0.0,0.0,0.0,0.0,1.0, , , , 
-181018,0,0,0,0,1,other,0.03,0.0,0.33,0.36,0.28, , , , 
342-728-3123,1,0,0,0,0,phone,0.0,0.0,0.0,0.0,1.0, , , , 
526-504-6435,1,0,0,0,0,phone,0.0,0.0,0.0,0.0,1.0, , , , 
-117125,0,0,0,0,1,other,0.03,0.0,0.33,0.36,0.28, , , , 
(381) 044-9661,1,0,0,0,0,phone,0.0,0.0,0.0,0.0,1.0, , , , 
907-026-7098,1,0,0,0,0,phone,0.0,0.0,0.0,0.0,1.0, , , , 
(242) 781-7872,1,0,0,0,0,phone,0.0,0.0,0.0,0.0,1.0, , , , 
352.319.7892,1,0,0,0,0,phone,0.0,0.0,0.0,0.0,1.0, , , , 
Call +1-913-923-7842,1,0,0,0,0,phone,0.14,0.155,0.0,0.115,0.59,US,9139237842, , 
(611) 941-1980,1,0,0,0,0,phone,0.0,0.0,0.0,0.0,1.0, , , , 
-49367,0,0,0,0,1,other,0.035,0.0,0.31,0.49,0.165, , , , 
-7400,0,0,0,0,1,other,0.035,0.0,0.31,0.52,0.135, , , , 
582.872.4466,1,0,0,0,0,phone,0.0,0.0,0.0,0.0,1.0, , , , 
(928) 640-8555,1,0,0,0,0,phone,0.0,0.0,0.0,0.0,1.0, , , , 
(414) 264-3702,1,0,0,0,0,phone,0.0,0.0,0.0,0.0,1.0, , , , 
066-602-4723,1,0,0,0,0,phone,0.0,0.0,0.0,0.0,1.0, , , , 
-3247,0,0,0,0,1,other,0.035,0.0,0.31,0.52,0.135, , , , 
-6612,0,0,0,0,1,other,0.035,0.0,0.31,0.52,0.135, , , , 
939.588.0843,1,0,0,0,0,phone,0.0,0.0,0.0,0.0,1.0, , , , 
632-636-3929,1,0,0,0,0,phone,0.0,0.0,0.0,0.0,1.0, , , , 
246.583.4441,1,0,0,0,0,phone,0.0,0.0,0.0,0.0,1.0, , , , 
(667) 516-3279,1,0,0,0,0,phone,0.0,0.0,0.0,0.0,1.0, , , , 
-151032,0,0,0,0,1,other,0.03,0.0,0.33,0.36,0.28, , , , 
-5216,0,0,0,0,1,other,0.035,0.0,0.31,0.52,0.135, , , , 
824-954-6974,1,0,0,0,0,phone,0.0,0.0,0.0,0.0,1.0, , , , 
-119881,0,0,0,0,1,other,0.03,0.0,0.33,0.36,0.28, , , , 
Call +1-427-093-9746,1,0,0,0,0,phone,0.14,0.155,0.0,0.115,0.59, , , , 
Call (485) 410-4776,1,0,0,0,0,phone,0.165,0.145,0.0,0.12,0.57, , , , 
-104660,0,0,0,0,1,other,0.03,0.0,0.33,0.36,0.28, , , , 
146-426-6927,1,0,0,0,0,phone,0.0,0.0,0.0,0.0,1.0, , , , 
-2458,0,0,0,0,1,other,0.035,0.0,0.31,0.52,0.135, , , , 
-127361,0,0,0,0,1,other,0.03,0.0,0.33,0.36,0.28, , , , 
Call +91-31573-39634,1,0,0,0,0,phone,0.14,0.155,0.0,0.115,0.59, , , , 
-118225,0,0,0,0,1,other,0.03,0.0,0.33,0.36,0.28, , , , 
Call 178.015.4055,1,0,0,0,0,phone,0.12,0.195,0.0,0.11,0.575, , , , 
-7622,0,0,0,0,1,other,0.035,0.0,0.31,0.52,0.135, , , , 
-4627,0,0,0,0,1,other,0.035,0.0,0.31,0.52,0.135, , , , 
-10671,0,0,0,0,1,other,0.035,0.0,0.31,0.49,0.165, , , , 
772-088-0642,1,0,0,0,0,phone,0.0,0.0,0.0,0.0,1.0, , , , 
-5559,0,0,0,0,1,other,0.035,0.0,0.31,0.52,0.135, , , , 
(046) 466-6237,1,0,0,0,0,phone,0.0,0.0,0.0,0.0,1.0, , , , 
(180) 903-9820,1,0,0,0,0,phone,0.0,0.0,0.0,0.0,1.0, , , , 
509.273.1521,1,0,0,0,0,phone,0.0,0.0,0.0,0.0,1.0, , , , 
-3347,0,0,0,0,1,other,0.035,0.0,0.31,0.52,0.135, , , , 
(120) 334-3946,1,0,0,0,0,phone,0.0,0.0,0.0,0.0,1.0, , , , 
782.594.1157,1,0,0,0,0,phone,0.0,0.0,0.0,0.0,1.0, , , , 
Call +91-32239-25873,1,0,0,0,0,phone,0.14,0.155,0.0,0.115,0.59, , , , 
-1909,0,0,0,0,1,other,0.035,0.0,0.31,0.52,0.135, , , , 
-118832,0,0,0,0,1,other,0.03,0.0,0.33,0.36,0.28, , , , 
-9634,0,0,0,0,1,other,0.035,0.0,0.31,0.52,0.135, , , , 
(816) 090-3552,1,0,0,0,0,phone,0.0,0.0,0.0,0.0,1.0, , , , 
(273) 125-0876,1,0,0,0,0,phone,0.0,0.0,0.0,0.0,1.0, , , , 
(046) 022-4858,1,0,0,0,0,phone,0.0,0.0,0.0,0.0,1.0, , , , 
-3873,0,0,0,0,1,other,0.035,0.0,0.31,0.52,0.135, , , , 
(232) 508-7284,1,0,0,0,0,phone,0.0,0.0,0.0,0.0,1.0, , , , 
617-495-6085,1,0,0,0,0,phone,0.0,0.0,0.0,0.0,1.0, , , , 
052.116.5926,1,0,0,0,0,phone,0.0,0.0,0.0,0.0,1.0, , , , 
-7720,0,0,0,0,1,other,0.035,0.0,0.31,0.52,0.135, , , , 
179.996.8644,1,0,0,0,0,phone,0.0,0.0,0.0,0.0,1.0, , , , 
-98087,0,0,0,0,1,other,0.035,0.0,0.31,0.49,0.165, , , , 
(883) 404-6803,1,0,0,0,0,phone,0.0,0.0,0.0,0.0,1.0, , , , 
363-674-6564,1,0,0,0,0,phone,0.0,0.0,0.0,0.0,1.0, , , , 
622-189-9168,1,0,0,0,0,phone,0.0,0.0,0.0,0.0,1.0, , , , 
-40919,0,0,0,0,1,other,0.035,0.0,0.31,0.49,0.165, , , , 
481-627-0054,1,0,0,0,0,phone,0.0,0.0,0.0,0.0,1.0, , , , 
-3269,0,0,0,0,1,other,0.035,0.0,0.31,0.52,0.135, , , , 
954.768.9432,1,0,0,0,0,phone,0.0,0.0,0.0,0.0,1.0, , , , 
-120179,0,0,0,0,1,other,0.03,0.0,0.33,0.36,0.28, , , , 
106-963-2941,1,0,0,0,0,phone,0.0,0.0,0.0,0.0,1.0, , , , 
765-492-7444,1,0,0,0,0,phone,0.0,0.0,0.0,0.0,1.0, , , , 
Call 537.101.9453,1,0,0,0,0,phone,0.12,0.195,0.0,0.11,0.575, , , , 
-98908,0,0,0,0,1,other,0.035,0.0,0.31,0.49,0.165, , , , 
-99919,0,0,0,0,1,other,0.035,0.0,0.31,0.49,0.165, , , , 
250.982.9510,1,0,0,0,0,phone,0.0,0.0,0.0,0.0,1.0, , , , 
-60908,0,0,0,0,1,other,0.035,0.0,0.31,0.49,0.165, , , , 
(321) 492-0146,1,0,0,0,0,phone,0.0,0.0,0.0,0.0,1.0, , , , 
(946) 430-0547,1,0,0,0,0,phone,0.0,0.0,0.0,0.0,1.0, , , , 
-109984,0,0,0,0,1,other,0.03,0.0,0.33,0.36,0.28, , , , 
(357) 340-7329,1,0,0,0,0,phone,0.0,0.0,0.0,0.0,1.0, , , , 
123-535-0300,1,0,0,0,0,phone,0.0,0.0,0.0,0.0,1.0, , , , 
-65259,0,0,0,0,1,other,0.035,0.0,0.31,0.49,0.165, , , , 
721-766-4656,1,0,0,0,0,phone,0.0,0.0,0.0,0.0,1.0, , , , 
Call 341.154.8513,1,0,0,0,0,phone,0.12,0.195,0.0,0.11,0.575, , , , 
(010) 705-1008,1,0,0,0,0,phone,0.0,0.0,0.0,0.0,1.0, , , , 
570-277-0182,1,0,0,0,0,phone,0.0,0.0,0.0,0.0,1.0, , , , 
-107257,0,0,0,0,1,other,0.03,0.0,0.33,0.36,0.28, , , , 
(712) 808-5841,1,0,0,0,0,phone,0.0,0.0,0.0,0.0,1.0, , , , 
510.236.2719,1,0,0,0,0,phone,0.0,0.0,0.0,0.0,1.0, , , , 
-7211,0,0,0,0,1,other,0.035,0.0,0.31,0.52,0.135, , , , 
297-523-4040,1,0,0,0,0,phone,0.0,0.0,0.0,0.0,1.0, , , , 
Call +1-256-187-5352,1,0,0,0,0,phone,0.14,0.155,0.0,0.115,0.59, , , , 
-80716,0,0,0,0,1,other,0.035,0.0,0.31,0.49,0.165, , , , 
(509) 063-5958,1,0,0,0,0,phone,0.0,0.0,0.0,0.0,1.0, , , , 
-110340,0,0,0,0,1,other,0.03,0.0,0.33,0.36,0.28, , , , 
054-069-2360,1,0,0,0,0,phone,0.0,0.0,0.0,0.0,1.0, , , , 
684-034-0096,1,0,0,0,0,phone,0.0,0.0,0.0,0.0,1.0, , , , 
Call +91-80616-66735,1,0,0,0,0,phone,0.14,0.155,0.0,0.115,0.59,IN,8061666735, , 
Call 812.047.0508,1,0,0,0,0,phone,0.12,0.195,0.0,0.11,0.575, , , , 
901.912.5616,1,0,0,0,0,phone,0.0,0.0,0.0,0.0,1.0, , , , 
(392) 211-2961,1,0,0,0,0,phone,0.0,0.0,0.0,0.0,1.0, , , , 
219.471.3235,1,0,0,0,0,phone,0.0,0.0,0.0,0.0,1.0, , , , 
623.358.7170,1,0,0,0,0,phone,0.0,0.0,0.0,0.0,1.0, , , , 
244-561-3170,1,0,0,0,0,phone,0.0,0.0,0.0,0.0,1.0, , , , 
-6215,0,0,0,0,1,other,0.035,0.0,0.31,0.52,0.135, , , , 
740-684-9197,1,0,0,0,0,phone,0.0,0.0,0.0,0.0,1.0, , , , 
883.009.9827,1,0,0,0,0,phone,0.0,0.0,0.0,0.0,1.0, , , , 
-2467,0,0,0,0,1,other,0.035,0.0,0.31,0.52,0.135, , , , 
(935) 057-9637,1,0,0,0,0,phone,0.0,0.0,0.0,0.0,1.0, , , , 
(795) 888-8157,1,0,0,0,0,phone,0.0,0.0,0.0,0.0,1.0, , , , 
-162340,0,0,0,0,1,other,0.03,0.0,0.33,0.36,0.28, , , , 
Call 654-311-2908,1,0,0,0,0,phone,0.15,0.16,0.0,0.13,0.56, , , , 
829.468.9306,1,0,0,0,0,phone,0.0,0.0,0.0,0.0,1.0, , , , 
-103308,0,0,0,0,1,other,0.03,0.0,0.33,0.36,0.28, , , , 
-86534,0,0,0,0,1,other,0.035,0.0,0.31,0.49,0.165, , , , 
-103917,0,0,0,0,1,other,0.03,0.0,0.33,0.36,0.28, , , , 
791-836-1803,1,0,0,0,0,phone,0.0,0.0,0.0,0.0,1.0, , , , 
Call +1-096-316-1941,1,0,0,0,0,phone,0.14,0.155,0.0,0.115,0.59, , , , 
557-883-4366,1,0,0,0,0,phone,0.0,0.0,0.0,0.0,1.0, , , , 
(089) 386-6328,1,0,0,0,0,phone,0.0,0.0,0.0,0.0,1.0, , , , 
844.604.6788,1,0,0,0,0,phone,0.0,0.0,0.0,0.0,1.0, , , , 
-1970,0,0,0,0,1,other,0.035,0.0,0.31,0.52,0.135, , , , 
553-712-2213,1,0,0,0,0,phone,0.0,0.0,0.0,0.0,1.0, , , , 
(015) 486-0211,1,0,0,0,0,phone,0.0,0.0,0.0,0.0,1.0, , , , 
-7854,0,0,0,0,1,other,0.035,0.0,0.31,0.52,0.135, , , , 
120-075-4784,1,0,0,0,0,phone,0.0,0.0,0.0,0.0,1.0, , , , 
-105942,0,0,0,0,1,other,0.03,0.0,0.33,0.36,0.28, , , , 
-50894,0,0,0,0,1,other,0.035,0.0,0.31,0.49,0.165, , , , 
Call (911) 676-5502,1,0,0,0,0,phone,0.165,0.145,0.0,0.12,0.57, , , , 
(871) 288-4574,1,0,0,0,0,phone,0.0,0.0,0.0,0.0,1.0, , , , 
(916) 544-1874,1,0,0,0,0,phone,0.0,0.0,0.0,0.0,1.0, , , , 
-143281,0,0,0,0,1,other,0.03,0.0,0.33,0.36,0.28, , , , 
-39075,0,0,0,0,1,other,0.035,0.0,0.31,0.49,0.165, , , , 
292-589-9860,1,0,0,0,0,phone,0.0,0.0,0.0,0.0,1.0, , , , 
(616) 299-5195,1,0,0,0,0,phone,0.0,0.0,0.0,0.0,1.0, , , , 
-114792,0,0,0,0,1,other,0.03,0.0,0.33,0.36,0.28, , , , 
(007) 104-7308,1,0,0,0,0,phone,0.0,0.0,0.0,0.0,1.0, , , , 
Call +91-64991-42530,1,0,0,0,0,phone,0.14,0.155,0.0,0.115,0.59,IN,6499142530, , 
-108375,0,0,0,0,1,other,0.03,0.0,0.33,0.36,0.28, , , , 
-54710,0,0,0,0,1,other,0.035,0.0,0.31,0.49,0.165, , , , 
-2445,0,0,0,0,1,other,0.035,0.0,0.31,0.52,0.135, , , , 
-4430,0,0,0,0,1,other,0.035,0.0,0.31,0.52,0.135, , , , 
(305) 214-1657,1,0,0,0,0,phone,0.0,0.0,0.0,0.0,1.0, , , , 
-66084,0,0,0,0,1,other,0.035,0.0,0.31,0.49,0.165, , , , 
-6509,0,0,0,0,1,other,0.035,0.0,0.31,0.52,0.135, , , , 
Call +1-160-658-8066,1,0,0,0,0,phone,0.14,0.155,0.0,0.115,0.59, , , , 
-5225,0,0,0,0,1,other,0.035,0.0,0.31,0.52,0.135, , , , 
984.960.0105,1,0,0,0,0,phone,0.0,0.0,0.0,0.0,1.0, , , , 
(956) 084-4574,1,0,0,0,0,phone,0.0,0.0,0.0,0.0,1.0, , , , 
308-860-4783,1,0,0,0,0,phone,0.0,0.0,0.0,0.0,1.0, , , , 
Call +91-02246-40599,1,0,0,0,0,phone,0.14,0.155,0.0,0.115,0.59, , , , 
456.700.7635,1,0,0,0,0,phone,0.0,0.0,0.0,0.0,1.0, , , , 
-169679,0,0,0,0,1,other,0.03,0.0,0.33,0.36,0.28, , , , 
-8384,0,0,0,0,1,other,0.035,0.0,0.31,0.52,0.135, , , , 
451.512.3396,1,0,0,0,0,phone,0.0,0.0,0.0,0.0,1.0, , , , 
663.262.7054,1,0,0,0,0,phone,0.0,0.0,0.0,0.0,1.0, , , , 
(666) 514-0667,1,0,0,0,0,phone,0.0,0.0,0.0,0.0,1.0, , , , 
032.633.5457,1,0,0,0,0,phone,0.0,0.0,0.0,0.0,1.0, , , , 
266.651.8586,1,0,0,0,0,phone,0.0,0.0,0.0,0.0,1.0, , , , 
-8615,0,0,0,0,1,other,0.035,0.0,0.31,0.52,0.135, , , , 
-100382,0,0,0,0,1,other,0.03,0.0,0.33,0.36,0.28, , , , 
721-579-7124,1,0,0,0,0,phone,0.0,0.0,0.0,0.0,1.0, , , , 
120-185-5101,1,0,0,0,0,phone,0.0,0.0,0.0,0.0,1.0, , , , 
Call (214) 757-4600,1,0,0,0,0,phone,0.165,0.145,0.0,0.12,0.57, , , , 
(052) 632-1213,1,0,0,0,0,phone,0.0,0.0,0.0,0.0,1.0, , , , 
306.873.6048,1,0,0,0,0,phone,0.0,0.0,0.0,0.0,1.0, , , , 
Call 016.092.5585,1,0,0,0,0,phone,0.12,0.195,0.0,0.11,0.575, , , , 
499-831-2949,1,0,0,0,0,phone,0.0,0.0,0.0,0.0,1.0, , , , 
397.886.3412,1,0,0,0,0,phone,0.0,0.0,0.0,0.0,1.0, , , , 
(043) 089-0424,1,0,0,0,0,phone,0.0,0.0,0.0,0.0,1.0, , , , 
-96012,0,0,0,0,1,other,0.035,0.0,0.31,0.49,0.165, , , , 
-89897,0,0,0,0,1,other,0.035,0.0,0.31,0.49,0.165, , , , 
-8346,0,0,0,0,1,other,0.035,0.0,0.31,0.52,0.135, , , , 
-29378,0,0,0,0,1,other,0.035,0.0,0.31,0.49,0.165, , , , 
-61091,0,0,0,0,1,other,0.035,0.0,0.31,0.49,0.165, , , , 
890.603.0159,1,0,0,0,0,phone,0.0,0.0,0.0,0.0,1.0, , , , 
-80168,0,0,0,0,1,other,0.035,0.0,0.31,0.49,0.165, , , , 
846.004.7411,1,0,0,0,0,phone,0.0,0.0,0.0,0.0,1.0, , , , 
-94250,0,0,0,0,1,other,0.035,0.0,0.31,0.49,0.165, , , , 
(962) 292-4176,1,0,0,0,0,phone,0.0,0.0,0.0,0.0,1.0, , , , 
-131388,0,0,0,0,1,other,0.03,0.0,0.33,0.36,0.28, , , , 
(269) 729-8007,1,0,0,0,0,phone,0.0,0.0,0.0,0.0,1.0, , , , 
-3233,0,0,0,0,1,other,0.035,0.0,0.31,0.52,0.135, , , , 
084-304-5361,1,0,0,0,0,phone,0.0,0.0,0.0,0.0,1.0, , , , 
-94185,0,0,0,0,1,other,0.035,0.0,0.31,0.49,0.165, , , , 
(366) 775-5227,1,0,0,0,0,phone,0.0,0.0,0.0,0.0,1.0, , , , 
(096) 509-3951,1,0,0,0,0,phone,0.0,0.0,0.0,0.0,1.0, , , , 
-155157,0,0,0,0,1,other,0.03,0.0,0.33,0.36,0.28, , , , 
-83600,0,0,0,0,1,other,0.035,0.0,0.31,0.49,0.165, , , , 
-4944,0,0,0,0,1,other,0.035,0.0,0.31,0.52,0.135, , , , 
442-916-1613,1,0,0,0,0,phone,0.0,0.0,0.0,0.0,1.0, , , , 
-73974,0,0,0,0,1,other,0.035,0.0,0.31,0.49,0.165, , , , 
-6668,0,0,0,0,1,other,0.035,0.0,0.31,0.52,0.135, , , , 
-43105,0,0,0,0,1,other,0.035,0.0,0.31,0.49,0.165, , , , 
Call 902-060-7566,1,0,0,0,0,phone,0.15,0.16,0.0,0.13,0.56, , , , 
-5327,0,0,0,0,1,other,0.035,0.0,0.31,0.52,0.135, , , , 
-164027,0,0,0,0,1,other,0.03,0.0,0.33,0.36,0.28, , , , 
-86460,0,0,0,0,1,other,0.035,0.0,0.31,0.49,0.165, , , , 
097.629.1121,1,0,0,0,0,phone,0.0,0.0,0.0,0.0,1.0, , , , 
688.144.1990,1,0,0,0,0,phone,0.0,0.0,0.0,0.0,1.0, , , , 
-3325,0,0,0,0,1,other,0.035,0.0,0.31,0.52,0.135, , , , 
-75710,0,0,0,0,1,other,0.035,0.0,0.31,0.49,0.165, , , , 
-94835,0,0,0,0,1,other,0.035,0.0,0.31,0.49,0.165, , , , 
-105598,0,0,0,0,1,other,0.03,0.0,0.33,0.36,0.28, , , , 
756.970.1319,1,0,0,0,0,phone,0.0,0.0,0.0,0.0,1.0, , , , 
149-555-8187,1,0,0,0,0,phone,0.0,0.0,0.0,0.0,1.0, , , , 
-10100,0,0,0,0,1,other,0.035,0.0,0.31,0.49,0.165, , , , 
-9181,0,0,0,0,1,other,0.035,0.0,0.31,0.52,0.135, , , , 
-41159,0,0,0,0,1,other,0.035,0.0,0.31,0.49,0.165, , , , 
(915) 870-2799,1,0,0,0,0,phone,0.0,0.0,0.0,0.0,1.0, , , , 
Call (860) 536-8503,1,0,0,0,0,phone,0.165,0.145,0.0,0.12,0.57, , , , 
347.826.1458,1,0,0,0,0,phone,0.0,0.0,0.0,0.0,1.0, , , , 
-157246,0,0,0,0,1,other,0.03,0.0,0.33,0.36,0.28, , , , 
158-848-9409,1,0,0,0,0,phone,0.0,0.0,0.0,0.0,1.0, , , , 
520.024.7662,1,0,0,0,0,phone,0.0,0.0,0.0,0.0,1.0, , , , 
822-768-4952,1,0,0,0,0,phone,0.0,0.0,0.0,0.0,1.0, , , , 
(827) 323-2485,1,0,0,0,0,phone,0.0,0.0,0.0,0.0,1.0, , , , 
(962) 537-4756,1,0,0,0,0,phone,0.0,0.0,0.0,0.0,1.0, , , , 
-115539,0,0,0,0,1,other,0.03,0.0,0.33,0.36,0.28, , , , 
-89411,0,0,0,0,1,other,0.035,0.0,0.31,0.49,0.165, , , , 
224.102.1298,1,0,0,0,0,phone,0.0,0.0,0.0,0.0,1.0, , , , 
-92015,0,0,0,0,1,other,0.035,0.0,0.31,0.49,0.165, , , , 
-134870,0,0,0,0,1,other,0.03,0.0,0.33,0.36,0.28, , , , 
984.214.4413,1,0,0,0,0,phone,0.0,0.0,0.0,0.0,1.0, , , , 
-45852,0,0,0,0,1,other,0.035,0.0,0.31,0.49,0.165, , , , 
-9056,0,0,0,0,1,other,0.035,0.0,0.31,0.52,0.135, , , , 
-97895,0,0,0,0,1,other,0.035,0.0,0.31,0.49,0.165, , , , 
-87793,0,0,0,0,1,other,0.035,0.0,0.31,0.49,0.165, , , , 
-6625,0,0,0,0,1,other,0.035,0.0,0.31,0.52,0.135, , , , 
-164286,0,0,0,0,1,other,0.03,0.0,0.33,0.36,0.28, , , , 
392.151.5766,1,0,0,0,0,phone,0.0,0.0,0.0,0.0,1.0, , , , 
-123888,0,0,0,0,1,other,0.03,0.0,0.33,0.36,0.28, , , , 
550.412.6431,1,0,0,0,0,phone,0.0,0.0,0.0,0.0,1.0, , , , 
-113856,0,0,0,0,1,other,0.03,0.0,0.33,0.36,0.28, , , , 
154.841.0286,1,0,0,0,0,phone,0.0,0.0,0.0,0.0,1.0, , , , 
053-173-1668,1,0,0,0,0,phone,0.0,0.0,0.0,0.0,1.0, , , , 
-164480,0,0,0,0,1,other,0.03,0.0,0.33,0.36,0.28, , , , 
-106088,0,0,0,0,1,other,0.03,0.0,0.33,0.36,0.28, , , , 
770.372.9599,1,0,0,0,0,phone,0.0,0.0,0.0,0.0,1.0, , , , 
126-802-7534,1,0,0,0,0,phone,0.0,0.0,0.0,0.0,1.0, , , , 
(870) 755-8016,1,0,0,0,0,phone,0.0,0.0,0.0,0.0,1.0, , , , 
(916) 518-6031,1,0,0,0,0,phone,0.0,0.0,0.0,0.0,1.0, , , , 
Call 423.333.4441,1,0,0,0,0,phone,0.12,0.195,0.0,0.11,0.575, , , , 
Call +91-14518-33605,1,0,0,0,0,phone,0.14,0.155,0.0,0.115,0.59, , , , 
-140804,0,0,0,0,1,other,0.03,0.0,0.33,0.36,0.28, , , , 
372-122-3998,1,0,0,0,0,phone,0.0,0.0,0.0,0.0,1.0, , , , 
Call +91-89690-60592,1,0,0,0,0,phone,0.14,0.155,0.0,0.115,0.59,IN,8969060592, , 
-4552,0,0,0,0,1,other,0.035,0.0,0.31,0.52,0.135, , , , 
569-511-5621,1,0,0,0,0,phone,0.0,0.0,0.0,0.0,1.0, , , , 
117-367-3823,1,0,0,0,0,phone,0.0,0.0,0.0,0.0,1.0, , , , 
986.538.5937,1,0,0,0,0,phone,0.0,0.0,0.0,0.0,1.0, , , , 
-2872,0,0,0,0,1,other,0.035,0.0,0.31,0.52,0.135, , , , 
-156129,0,0,0,0,1,other,0.03,0.0,0.33,0.36,0.28, , , , 
(040) 420-9940,1,0,0,0,0,phone,0.0,0.0,0.0,0.0,1.0, , , , 
060.884.0033,1,0,0,0,0,phone,0.0,0.0,0.0,0.0,1.0, , , , 
743.209.9233,1,0,0,0,0,phone,0.0,0.0,0.0,0.0,1.0, , , , 
537-669-8772,1,0,0,0,0,phone,0.0,0.0,0.0,0.0,1.0, , , , 
557.204.7474,1,0,0,0,0,phone,0.0,0.0,0.0,0.0,1.0, , , , 
-102579,0,0,0,0,1,other,0.03,0.0,0.33,0.36,0.28, , , , 
Call +1-645-703-3551,1,0,0,0,0,phone,0.14,0.155,0.0,0.115,0.59,US,6457033551, , 
-86089,0,0,0,0,1,other,0.035,0.0,0.31,0.49,0.165, , , , 
-9354,0,0,0,0,1,other,0.035,0.0,0.31,0.52,0.135, , , , 
-9802,0,0,0,0,1,other,0.035,0.0,0.31,0.52,0.135, , , , 
-5882,0,0,0,0,1,other,0.035,0.0,0.31,0.52,0.135, , , , 
Call 314-281-3276,1,0,0,0,0,phone,0.15,0.16,0.0,0.13,0.56, , , , 
(729) 460-3829,1,0,0,0,0,phone,0.0,0.0,0.0,0.0,1.0, , , , 
-137066,0,0,0,0,1,other,0.03,0.0,0.33,0.36,0.28, , , , 
359.500.7764,1,0,0,0,0,phone,0.0,0.0,0.0,0.0,1.0, , , , 
-3067,0,0,0,0,1,other,0.035,0.0,0.31,0.52,0.135, , , , 
-89001,0,0,0,0,1,other,0.035,0.0,0.31,0.49,0.165, , , , 
(113) 503-8682,1,0,0,0,0,phone,0.0,0.0,0.0,0.0,1.0, , , , 
453.557.7250,1,0,0,0,0,phone,0.0,0.0,0.0,0.0,1.0, , , , 
637-368-4274,1,0,0,0,0,phone,0.0,0.0,0.0,0.0,1.0, , , , 
-102387,0,0,0,0,1,other,0.03,0.0,0.33,0.36,0.28, , , , 
666.611.9691,1,0,0,0,0,phone,0.0,0.0,0.0,0.0,1.0, , , , 
(422) 623-5695,1,0,0,0,0,phone,0.0,0.0,0.0,0.0,1.0, , , , 
Call 429-566-0025,1,0,0,0,0,phone,0.15,0.16,0.0,0.13,0.56, , , , 
(998) 521-4929,1,0,0,0,0,phone,0.0,0.0,0.0,0.0,1.0, , , , 
Call +91-05934-44160,1,0,0,0,0,phone,0.14,0.155,0.0,0.115,0.59, , , , 
(498) 422-3783,1,0,0,0,0,phone,0.0,0.0,0.0,0.0,1.0, , , , 
-6580,0,0,0,0,1,other,0.035,0.0,0.31,0.52,0.135, , , , 
732-307-8809,1,0,0,0,0,phone,0.0,0.0,0.0,0.0,1.0, , , , 
-144452,0,0,0,0,1,other,0.03,0.0,0.33,0.36,0.28, , , , 
075.575.4835,1,0,0,0,0,phone,0.0,0.0,0.0,0.0,1.0, , , , 
-88229,0,0,0,0,1,other,0.035,0.0,0.31,0.49,0.165, , , , 
873-180-6544,1,0,0,0,0,phone,0.0,0.0,0.0,0.0,1.0, , , , 
028-681-5478,1,0,0,0,0,phone,0.0,0.0,0.0,0.0,1.0, , , , 
027.693.0027,1,0,0,0,0,phone,0.0,0.0,0.0,0.0,1.0, , , , 
-40789,0,0,0,0,1,other,0.035,0.0,0.31,0.49,0.165, , , , 
(619) 509-8546,1,0,0,0,0,phone,0.0,0.0,0.0,0.0,1.0, , , , 
-5254,0,0,0,0,1,other,0.035,0.0,0.31,0.52,0.135, , , , 
181-198-2447,1,0,0,0,0,phone,0.0,0.0,0.0,0.0,1.0, , , , 
-9345,0,0,0,0,1,other,0.035,0.0,0.31,0.52,0.135, , , , 
655-908-4552,1,0,0,0,0,phone,0.0,0.0,0.0,0.0,1.0, , , , 
003.261.4723,1,0,0,0,0,phone,0.0,0.0,0.0,0.0,1.0, , , , 
-111889,0,0,0,0,1,other,0.03,0.0,0.33,0.36,0.28, , , , 
-2548,0,0,0,0,1,other,0.035,0.0,0.31,0.52,0.135, , , , 
-125029,0,0,0,0,1,other,0.03,0.0,0.33,0.36,0.28, , , , 
494-208-0137,1,0,0,0,0,phone,0.0,0.0,0.0,0.0,1.0, , , , 
-5219,0,0,0,0,1,other,0.035,0.0,0.31,0.52,0.135, , , , 
629.599.7428,1,0,0,0,0,phone,0.0,0.0,0.0,0.0,1.0, , , , 
427.367.9003,1,0,0,0,0,phone,0.0,0.0,0.0,0.0,1.0, , , , 
-3985,0,0,0,0,1,other,0.035,0.0,0.31,0.52,0.135, , , , 
-3675,0,0,0,0,1,other,0.035,0.0,0.31,0.52,0.135, , , , 
(219) 612-5933,1,0,0,0,0,phone,0.0,0.0,0.0,0.0,1.0, , , , 
-9540,0,0,0,0,1,other,0.035,0.0,0.31,0.52,0.135, , , , 
469-831-2715,1,0,0,0,0,phone,0.0,0.0,0.0,0.0,1.0, , , , 
-3241,0,0,0,0,1,other,0.035,0.0,0.31,0.52,0.135, , , , 
661-872-6680,1,0,0,0,0,phone,0.0,0.0,0.0,0.0,1.0, , , , 
(559) 709-3626,1,0,0,0,0,phone,0.0,0.0,0.0,0.0,1.0, , , , 
396-694-1045,1,0,0,0,0,phone,0.0,0.0,0.0,0.0,1.0, , , , 
-143447,0,0,0,0,1,other,0.03,0.0,0.33,0.36,0.28, , , , 
979-113-8908,1,0,0,0,0,phone,0.0,0.0,0.0,0.0,1.0, , , , 
328.391.7758,1,0,0,0,0,phone,0.0,0.0,0.0,0.0,1.0, , , , 
-101352,0,0,0,0,1,other,0.03,0.0,0.33,0.36,0.28, , , , 
-5662,0,0,0,0,1,other,0.035,0.0,0.31,0.52,0.135, , , , 
-93067,0,0,0,0,1,other,0.035,0.0,0.31,0.49,0.165, , , , 
(096) 324-7269,1,0,0,0,0,phone,0.0,0.0,0.0,0.0,1.0, , , , 
927-577-3840,1,0,0,0,0,phone,0.0,0.0,0.0,0.0,1.0, , , , 
595.084.0839,1,0,0,0,0,phone,0.0,0.0,0.0,0.0,1.0, , , , 
-96574,0,0,0,0,1,other,0.035,0.0,0.31,0.49,0.165, , , , 
469.969.1284,1,0,0,0,0,phone,0.0,0.0,0.0,0.0,1.0, , , , 
536.748.5410,1,0,0,0,0,phone,0.0,0.0,0.0,0.0,1.0, , , , 
206-172-1651,1,0,0,0,0,phone,0.0,0.0,0.0,0.0,1.0, , , , 
(433) 456-7947,1,0,0,0,0,phone,0.0,0.0,0.0,0.0,1.0, , , , 
610.233.4498,1,0,0,0,0,phone,0.0,0.0,0.0,0.0,1.0, , , , 
521.130.3611,1,0,0,0,0,phone,0.0,0.0,0.0,0.0,1.0, , , , 
358.624.2039,1,0,0,0,0,phone,0.0,0.0,0.0,0.0,1.0, , , , 
Call 629.190.5961,1,0,0,0,0,phone,0.12,0.195,0.0,0.11,0.575, , , , 
(207) 496-8257,1,0,0,0,0,phone,0.0,0.0,0.0,0.0,1.0, , , , 
671.573.9134,1,0,0,0,0,phone,0.0,0.0,0.0,0.0,1.0, , , , 
-95962,0,0,0,0,1,other,0.035,0.0,0.31,0.49,0.165, , , , 
Call +1-563-767-4327,1,0,0,0,0,phone,0.14,0.155,0.0,0.115,0.59,US,5637674327, , 
(915) 376-8965,1,0,0,0,0,phone,0.0,0.0,0.0,0.0,1.0, , , , 
918-676-6378,1,0,0,0,0,phone,0.0,0.0,0.0,0.0,1.0, , , , 
080.390.8468,1,0,0,0,0,phone,0.0,0.0,0.0,0.0,1.0, , , , 
-65358,0,0,0,0,1,other,0.035,0.0,0.31,0.49,0.165, , , , 
(672) 423-7753,1,0,0,0,0,phone,0.0,0.0,0.0,0.0,1.0, , , , 
-133780,0,0,0,0,1,other,0.03,0.0,0.33,0.36,0.28, , , , 
(998) 769-1825,1,0,0,0,0,phone,0.0,0.0,0.0,0.0,1.0, , , , 
542.745.8448,1,0,0,0,0,phone,0.0,0.0,0.0,0.0,1.0, , , , 
Call +1-995-984-7725,1,0,0,0,0,phone,0.14,0.155,0.0,0.115,0.59, , , , 
Call 087.155.5277,1,0,0,0,0,phone,0.12,0.195,0.0,0.11,0.575, , , , 
904.904.2588,1,0,0,0,0,phone,0.0,0.0,0.0,0.0,1.0, , , , 
290.195.5338,1,0,0,0,0,phone,0.0,0.0,0.0,0.0,1.0, , , , 
-56152,0,0,0,0,1,other,0.035,0.0,0.31,0.49,0.165, , , , 
-165973,0,0,0,0,1,other,0.03,0.0,0.33,0.36,0.28, , , , 
-84855,0,0,0,0,1,other,0.035,0.0,0.31,0.49,0.165, , , , 
(779) 835-1576,1,0,0,0,0,phone,0.0,0.0,0.0,0.0,1.0, , , , 
199.588.0100,1,0,0,0,0,phone,0.0,0.0,0.0,0.0,1.0, , , , 
(077) 151-5857,1,0,0,0,0,phone,0.0,0.0,0.0,0.0,1.0, , , , 
-5586,0,0,0,0,1,other,0.035,0.0,0.31,0.52,0.135, , , , 
-6996,0,0,0,0,1,other,0.035,0.0,0.31,0.52,0.135, , , , 
477.028.8780,1,0,0,0,0,phone,0.0,0.0,0.0,0.0,1.0, , , , 
-140304,0,0,0,0,1,other,0.03,0.0,0.33,0.36,0.28, , , , 
652-985-1382,1,0,0,0,0,phone,0.0,0.0,0.0,0.0,1.0, , , , 
-104069,0,0,0,0,1,other,0.03,0.0,0.33,0.36,0.28, , , , 
010-729-2464,1,0,0,0,0,phone,0.0,0.0,0.0,0.0,1.0, , , , 
-2639,0,0,0,0,1,other,0.035,0.0,0.31,0.52,0.135, , , , 
879-655-2517,1,0,0,0,0,phone,0.0,0.0,0.0,0.0,1.0, , , , 
(100) 888-0389,1,0,0,0,0,phone,0.0,0.0,0.0,0.0,1.0, , , , 
588-965-5990,1,0,0,0,0,phone,0.0,0.0,0.0,0.0,1.0, , , , 
-3156,0,0,0,0,1,other,0.035,0.0,0.31,0.52,0.135, , , , 
-65761,0,0,0,0,1,other,0.035,0.0,0.31,0.49,0.165, , , , 
655.732.6093,1,0,0,0,0,phone,0.0,0.0,0.0,0.0,1.0, , , , 
-615,0,0,0,0,1,other,0.035,0.0,0.31,0.52,0.135, , , , 
-7045,0,0,0,0,1,other,0.035,0.0,0.31,0.52,0.135, , , , 
(222) 271-6513,1,0,0,0,0,phone,0.0,0.0,0.0,0.0,1.0, , , , 
-7192,0,0,0,0,1,other,0.035,0.0,0.31,0.52,0.135, , , , 
(878) 551-4984,1,0,0,0,0,phone,0.0,0.0,0.0,0.0,1.0, , , , 
-93670,0,0,0,0,1,other,0.035,0.0,0.31,0.49,0.165, , , , 
Call +1-168-332-3232,1,0,0,0,0,phone,0.14,0.155,0.0,0.115,0.59, , , , 
-9291,0,0,0,0,1,other,0.035,0.0,0.31,0.52,0.135, , , , 
(310) 670-0374,1,0,0,0,0,phone,0.0,0.0,0.0,0.0,1.0, , , , 
164-039-0375,1,0,0,0,0,phone,0.0,0.0,0.0,0.0,1.0, , , , 
-92791,0,0,0,0,1,other,0.035,0.0,0.31,0.49,0.165, , , , 
-1971,0,0,0,0,1,other,0.035,0.0,0.31,0.52,0.135, , , , 
324-970-3186,1,0,0,0,0,phone,0.0,0.0,0.0,0.0,1.0, , , , 
397-540-5255,1,0,0,0,0,phone,0.0,0.0,0.0,0.0,1.0, , , , 
Call 161.884.9065,1,0,0,0,0,phone,0.12,0.195,0.0,0.11,0.575, , , , 
-92940,0,0,0,0,1,other,0.035,0.0,0.31,0.49,0.165, , , , 
(332) 628-3444,1,0,0,0,0,phone,0.0,0.0,0.0,0.0,1.0, , , , 
822.916.1859,1,0,0,0,0,phone,0.0,0.0,0.0,0.0,1.0, , , , 
000.484.4253,1,0,0,0,0,phone,0.0,0.0,0.0,0.0,1.0, , , , 
122-981-7733,1,0,0,0,0,phone,0.0,0.0,0.0,0.0,1.0, , , , 
-126159,0,0,0,0,1,other,0.03,0.0,0.33,0.36,0.28, , , , 
(263) 177-4561,1,0,0,0,0,phone,0.0,0.0,0.0,0.0,1.0, , , , 
978-278-7368,1,0,0,0,0,phone,0.0,0.0,0.0,0.0,1.0, , , , 
-171360,0,0,0,0,1,other,0.03,0.0,0.33,0.36,0.28, , , , 
086.214.2878,1,0,0,0,0,phone,0.0,0.0,0.0,0.0,1.0, , , , 
416-196-7585,1,0,0,0,0,phone,0.0,0.0,0.0,0.0,1.0, , , , 
-2193,0,0,0,0,1,other,0.035,0.0,0.31,0.52,0.135, , , , 
664.478.9925,1,0,0,0,0,phone,0.0,0.0,0.0,0.0,1.0, , , , 
(114) 289-6851,1,0,0,0,0,phone,0.0,0.0,0.0,0.0,1.0, , , , 
-105110,0,0,0,0,1,other,0.03,0.0,0.33,0.36,0.28, , , , 
Call +91-22357-00916,1,0,0,0,0,phone,0.14,0.155,0.0,0.115,0.59,IN,2235700916, , 
Call +1-966-674-4844,1,0,0,0,0,phone,0.14,0.155,0.0,0.115,0.59, , , , 
(225) 149-5051,1,0,0,0,0,phone,0.0,0.0,0.0,0.0,1.0, , , , 
-1594,0,0,0,0,1,other,0.035,0.0,0.31,0.52,0.135, , , , 
055.005.1046,1,0,0,0,0,phone,0.0,0.0,0.0,0.0,1.0, , , , 
-4658,0,0,0,0,1,other,0.035,0.0,0.31,0.52,0.135, , , , 
-10211,0,0,0,0,1,other,0.035,0.0,0.31,0.49,0.165, , , , 
-8046,0,0,0,0,1,other,0.035,0.0,0.31,0.52,0.135, , , , 
935.340.6072,1,0,0,0,0,phone,0.0,0.0,0.0,0.0,1.0, , , , 
-2491,0,0,0,0,1,other,0.035,0.0,0.31,0.52,0.135, , , , 
108-901-2058,1,0,0,0,0,phone,0.0,0.0,0.0,0.0,1.0, , , , 
-5856,0,0,0,0,1,other,0.035,0.0,0.31,0.52,0.135, , , , 
-10488,0,0,0,0,1,other,0.035,0.0,0.31,0.49,0.165, , , , 
-6845,0,0,0,0,1,other,0.035,0.0,0.31,0.52,0.135, , , , 
224.673.7684,1,0,0,0,0,phone,0.0,0.0,0.0,0.0,1.0, , , , 
641.389.0691,1,0,0,0,0,phone,0.0,0.0,0.0,0.0,1.0, , , , 
-2016,0,0,0,0,1,other,0.035,0.0,0.31,0.52,0.135, , , , 
656.650.9696,1,0,0,0,0,phone,0.0,0.0,0.0,0.0,1.0, , , , 
-140999,0,0,0,0,1,other,0.03,0.0,0.33,0.36,0.28, , , , 
-170612,0,0,0,0,1,other,0.03,0.0,0.33,0.36,0.28, , , , 
017-906-2100,1,0,0,0,0,phone,0.0,0.0,0.0,0.0,1.0, , , , 
(805) 291-4097,1,0,0,0,0,phone,0.0,0.0,0.0,0.0,1.0, , , , 
673-425-7642,1,0,0,0,0,phone,0.0,0.0,0.0,0.0,1.0, , , , 
-106186,0,0,0,0,1,other,0.03,0.0,0.33,0.36,0.28, , , , 
-53749,0,0,0,0,1,other,0.035,0.0,0.31,0.49,0.165, , , , 
-109331,0,0,0,0,1,other,0.03,0.0,0.33,0.36,0.28, , , , 
384.917.6452,1,0,0,0,0,phone,0.0,0.0,0.0,0.0,1.0, , , , 
-15311,0,0,0,0,1,other,0.035,0.0,0.31,0.49,0.165, , , , 
(286) 058-6355,1,0,0,0,0,phone,0.0,0.0,0.0,0.0,1.0, , , , 
405.067.4540,1,0,0,0,0,phone,0.0,0.0,0.0,0.0,1.0, , , , 
636-698-6296,1,0,0,0,0,phone,0.0,0.0,0.0,0.0,1.0, , , , 
094.738.7499,1,0,0,0,0,phone,0.0,0.0,0.0,0.0,1.0, , , , 
-4294,0,0,0,0,1,other,0.035,0.0,0.31,0.52,0.135, , , , 
-29457,0,0,0,0,1,other,0.035,0.0,0.31,0.49,0.165, , , , 
786-850-5044,1,0,0,0,0,phone,0.0,0.0,0.0,0.0,1.0, , , , 
(527) 923-4236,1,0,0,0,0,phone,0.0,0.0,0.0,0.0,1.0, , , , 
(682) 151-0972,1,0,0,0,0,phone,0.0,0.0,0.0,0.0,1.0, , , , 
(018) 636-2923,1,0,0,0,0,phone,0.0,0.0,0.0,0.0,1.0, , , , 
702.276.3597,1,0,0,0,0,phone,0.0,0.0,0.0,0.0,1.0, , , , 
029.455.1571,1,0,0,0,0,phone,0.0,0.0,0.0,0.0,1.0, , , , 
997.510.0595,1,0,0,0,0,phone,0.0,0.0,0.0,0.0,1.0, , , , 
-124471,0,0,0,0,1,other,0.03,0.0,0.33,0.36,0.28, , , , 
269-207-7205,1,0,0,0,0,phone,0.0,0.0,0.0,0.0,1.0, , , , 
-4187,0,0,0,0,1,other,0.035,0.0,0.31,0.52,0.135, , , , 
-5148,0,0,0,0,1,other,0.035,0.0,0.31,0.52,0.135, , , , 
517-763-6582,1,0,0,0,0,phone,0.0,0.0,0.0,0.0,1.0, , , , 
(197) 492-7658,1,0,0,0,0,phone,0.0,0.0,0.0,0.0,1.0, , , , 
-151489,0,0,0,0,1,other,0.03,0.0,0.33,0.36,0.28, , , , 
-4807,0,0,0,0,1,other,0.035,0.0,0.31,0.52,0.135, , , , 
-102510,0,0,0,0,1,other,0.03,0.0,0.33,0.36,0.28, , , , 
-1937,0,0,0,0,1,other,0.035,0.0,0.31,0.52,0.135, , , , 
310-235-8053,1,0,0,0,0,phone,0.0,0.0,0.0,0.0,1.0, , , , 
719.627.3323,1,0,0,0,0,phone,0.0,0.0,0.0,0.0,1.0, , , , 
-64648,0,0,0,0,1,other,0.035,0.0,0.31,0.49,0.165, , , , 
-130716,0,0,0,0,1,other,0.03,0.0,0.33,0.36,0.28, , , , 
(653) 768-9897,1,0,0,0,0,phone,0.0,0.0,0.0,0.0,1.0, , , , 
(763) 778-3060,1,0,0,0,0,phone,0.0,0.0,0.0,0.0,1.0, , , , 
-4710,0,0,0,0,1,other,0.035,0.0,0.31,0.52,0.135, , , , 
484-620-8606,1,0,0,0,0,phone,0.0,0.0,0.0,0.0,1.0, , , , 
-7734,0,0,0,0,1,other,0.035,0.0,0.31,0.52,0.135, , , , 
393-176-6471,1,0,0,0,0,phone,0.0,0.0,0.0,0.0,1.0, , , , 
813-172-0376,1,0,0,0,0,phone,0.0,0.0,0.0,0.0,1.0, , , , 
415-370-8333,1,0,0,0,0,phone,0.0,0.0,0.0,0.0,1.0, , , , 
(050) 581-6944,1,0,0,0,0,phone,0.0,0.0,0.0,0.0,1.0, , , , 
-197018,0,0,0,0,1,other,0.03,0.0,0.33,0.36,0.28, , , , 
385-875-4655,1,0,0,0,0,phone,0.0,0.0,0.0,0.0,1.0, , , , 
-5898,0,0,0,0,1,other,0.035,0.0,0.31,0.52,0.135, , , , 
888-594-2184,1,0,0,0,0,phone,0.0,0.0,0.0,0.0,1.0, , , , 
(758) 405-8559,1,0,0,0,0,phone,0.0,0.0,0.0,0.0,1.0, , , , 
-62586,0,0,0,0,1,other,0.035,0.0,0.31,0.49,0.165, , , , 
(480) 908-9513,1,0,0,0,0,phone,0.0,0.0,0.0,0.0,1.0, , , , 
447-822-5416,1,0,0,0,0,phone,0.0,0.0,0.0,0.0,1.0, , , , 
698.355.8309,1,0,0,0,0,phone,0.0,0.0,0.0,0.0,1.0, , , , 
-403,0,0,0,0,1,other,0.035,0.0,0.31,0.52,0.135, , , , 
Call +91-86285-16292,1,0,0,0,0,phone,0.14,0.155,0.0,0.115,0.59,IN,8628516292, , 
-9830,0,0,0,0,1,other,0.035,0.0,0.31,0.52,0.135, , , , 
315.525.6341,1,0,0,0,0,phone,0.0,0.0,0.0,0.0,1.0, , , , 
064-724-5875,1,0,0,0,0,phone,0.0,0.0,0.0,0.0,1.0, , , , 
495-794-6536,1,0,0,0,0,phone,0.0,0.0,0.0,0.0,1.0, , , , 
-7546,0,0,0,0,1,other,0.035,0.0,0.31,0.52,0.135, , , , 
-3441,0,0,0,0,1,other,0.035,0.0,0.31,0.52,0.135, , , , 
375-097-7790,1,0,0,0,0,phone,0.0,0.0,0.0,0.0,1.0, , , , 
928-735-4245,1,0,0,0,0,phone,0.0,0.0,0.0,0.0,1.0, , , , 
-62493,0,0,0,0,1,other,0.035,0.0,0.31,0.49,0.165, , , , 
-70357,0,0,0,0,1,other,0.035,0.0,0.31,0.49,0.165, , , , 
-7585,0,0,0,0,1,other,0.035,0.0,0.31,0.52,0.135, , , , 
251-655-7703,1,0,0,0,0,phone,0.0,0.0,0.0,0.0,1.0, , , , 
Call 832-173-0054,1,0,0,0,0,phone,0.15,0.16,0.0,0.13,0.56, , , , 
672-898-3526,1,0,0,0,0,phone,0.0,0.0,0.0,0.0,1.0, , , , 
586-269-8151,1,0,0,0,0,phone,0.0,0.0,0.0,0.0,1.0, , , , 
756-167-6145,1,0,0,0,0,phone,0.0,0.0,0.0,0.0,1.0, , , , 
(379) 683-8482,1,0,0,0,0,phone,0.0,0.0,0.0,0.0,1.0, , , , 
-4785,0,0,0,0,1,other,0.035,0.0,0.31,0.52,0.135, , , , 
-5010,0,0,0,0,1,other,0.035,0.0,0.31,0.52,0.135, , , , 
452-180-0173,1,0,0,0,0,phone,0.0,0.0,0.0,0.0,1.0, , , , 
931.338.8167,1,0,0,0,0,phone,0.0,0.0,0.0,0.0,1.0, , , , 
-4650,0,0,0,0,1,other,0.035,0.0,0.31,0.52,0.135, , , , 
499-977-0733,1,0,0,0,0,phone,0.0,0.0,0.0,0.0,1.0, , , , 
-134448,0,0,0,0,1,other,0.03,0.0,0.33,0.36,0.28, , , , 
217.258.7436,1,0,0,0,0,phone,0.0,0.0,0.0,0.0,1.0, , , , 
848.512.5107,1,0,0,0,0,phone,0.0,0.0,0.0,0.0,1.0, , , , 
(037) 700-6132,1,0,0,0,0,phone,0.0,0.0,0.0,0.0,1.0, , , , 
-2460,0,0,0,0,1,other,0.035,0.0,0.31,0.52,0.135, , , , 
570.856.3989,1,0,0,0,0,phone,0.0,0.0,0.0,0.0,1.0, , , , 
-2488,0,0,0,0,1,other,0.035,0.0,0.31,0.52,0.135, , , , 
Call 174.238.5156,1,0,0,0,0,phone,0.12,0.195,0.0,0.11,0.575, , , , 
-120567,0,0,0,0,1,other,0.03,0.0,0.33,0.36,0.28, , , , 
Call 589.969.4994,1,0,0,0,0,phone,0.12,0.195,0.0,0.11,0.575, , , , 
-8413,0,0,0,0,1,other,0.035,0.0,0.31,0.52,0.135, , , , 
-168920,0,0,0,0,1,other,0.03,0.0,0.33,0.36,0.28, , , , 
-56335,0,0,0,0,1,other,0.035,0.0,0.31,0.49,0.165, , , , 
-101410,0,0,0,0,1,other,0.03,0.0,0.33,0.36,0.28, , , , 
-8822,0,0,0,0,1,other,0.035,0.0,0.31,0.52,0.135, , , , 
(576) 507-2113,1,0,0,0,0,phone,0.0,0.0,0.0,0.0,1.0, , , , 
-33783,0,0,0,0,1,other,0.035,0.0,0.31,0.49,0.165, , , , 
Call (151) 369-3750,1,0,0,0,0,phone,0.165,0.145,0.0,0.12,0.57, , , , 
-9625,0,0,0,0,1,other,0.035,0.0,0.31,0.52,0.135, , , , 
-3492,0,0,0,0,1,other,0.035,0.0,0.31,0.52,0.135, , , , 
(766) 105-3146,1,0,0,0,0,phone,0.0,0.0,0.0,0.0,1.0, , , , 
-4398,0,0,0,0,1,other,0.035,0.0,0.31,0.52,0.135, , , , 
738.466.6615,1,0,0,0,0,phone,0.0,0.0,0.0,0.0,1.0, , , , 
Call 570-784-4552,1,0,0,0,0,phone,0.15,0.16,0.0,0.13,0.56, , , , 
872.700.5816,1,0,0,0,0,phone,0.0,0.0,0.0,0.0,1.0, , , , 
(777) 699-1611,1,0,0,0,0,phone,0.0,0.0,0.0,0.0,1.0, , , , 
622-121-6117,1,0,0,0,0,phone,0.0,0.0,0.0,0.0,1.0, , , , 
(620) 046-5938,1,0,0,0,0,phone,0.0,0.0,0.0,0.0,1.0, , , , 
Call +91-56261-07282,1,0,0,0,0,phone,0.14,0.155,0.0,0.115,0.59,IN,5626107282, , 
-9532,0,0,0,0,1,other,0.035,0.0,0.31,0.52,0.135, , , , 
-123410,0,0,0,0,1,other,0.03,0.0,0.33,0.36,0.28, , , , 
873.316.4502,1,0,0,0,0,phone,0.0,0.0,0.0,0.0,1.0, , , , 
901.538.6403,1,0,0,0,0,phone,0.0,0.0,0.0,0.0,1.0, , , , 
(467) 259-5533,1,0,0,0,0,phone,0.0,0.0,0.0,0.0,1.0, , , , 
-3021,0,0,0,0,1,other,0.035,0.0,0.31,0.52,0.135, , , , 
-6882,0,0,0,0,1,other,0.035,0.0,0.31,0.52,0.135, , , , 
Call +91-06959-48367,1,0,0,0,0,phone,0.14,0.155,0.0,0.115,0.59, , , , 
-7944,0,0,0,0,1,other,0.035,0.0,0.31,0.52,0.135, , , , 
-10488,0,0,0,0,1,other,0.035,0.0,0.31,0.49,0.165, , , , 
191.231.1631,1,0,0,0,0,phone,0.0,0.0,0.0,0.0,1.0, , , , 
(692) 718-1207,1,0,0,0,0,phone,0.0,0.0,0.0,0.0,1.0, , , , 
(886) 055-3915,1,0,0,0,0,phone,0.0,0.0,0.0,0.0,1.0, , , , 
-8652,0,0,0,0,1,other,0.035,0.0,0.31,0.52,0.135, , , , 
-77642,0,0,0,0,1,other,0.035,0.0,0.31,0.49,0.165, , , , 
244.286.0977,1,0,0,0,0,phone,0.0,0.0,0.0,0.0,1.0, , , , 
-87876,0,0,0,0,1,other,0.035,0.0,0.31,0.49,0.165, , , , 
718.258.7930,1,0,0,0,0,phone,0.0,0.0,0.0,0.0,1.0, , , , 
-110081,0,0,0,0,1,other,0.03,0.0,0.33,0.36,0.28, , , , 
789.772.0297,1,0,0,0,0,phone,0.0,0.0,0.0,0.0,1.0, , , , 
898.566.2153,1,0,0,0,0,phone,0.0,0.0,0.0,0.0,1.0, , , , 
-9532,0,0,0,0,1,other,0.035,0.0,0.31,0.52,0.135, , , , 
-184253,0,0,0,0,1,other,0.03,0.0,0.33,0.36,0.28, , , , 
902-143-7188,1,0,0,0,0,phone,0.0,0.0,0.0,0.0,1.0, , , , 
408-514-9933,1,0,0,0,0,phone,0.0,0.0,0.0,0.0,1.0, , , , 
(986) 660-0714,1,0,0,0,0,phone,0.0,0.0,0.0,0.0,1.0, , , , 
(790) 810-6210,1,0,0,0,0,phone,0.0,0.0,0.0,0.0,1.0, , , , 
-131364,0,0,0,0,1,other,0.03,0.0,0.33,0.36,0.28, , , , 
-173723,0,0,0,0,1,other,0.03,0.0,0.33,0.36,0.28, , , , 
(211) 350-8188,1,0,0,0,0,phone,0.0,0.0,0.0,0.0,1.0, , , , 
-59352,0,0,0,0,1,other,0.035,0.0,0.31,0.49,0.165, , , , 
(717) 154-4014,1,0,0,0,0,phone,0.0,0.0,0.0,0.0,1.0, , , , 
448-882-1647,1,0,0,0,0,phone,0.0,0.0,0.0,0.0,1.0, , , , 
433-118-2820,1,0,0,0,0,phone,0.0,0.0,0.0,0.0,1.0, , , , 
Call 860-234-9921,1,0,0,0,0,phone,0.15,0.16,0.0,0.13,0.56, , , , 
135.456.0854,1,0,0,0,0,phone,0.0,0.0,0.0,0.0,1.0, , , , 
-73131,0,0,0,0,1,other,0.035,0.0,0.31,0.49,0.165, , , , 
-8025,0,0,0,0,1,other,0.035,0.0,0.31,0.52,0.135, , , , 
480-246-1695,1,0,0,0,0,phone,0.0,0.0,0.0,0.0,1.0, , , , 
Call +1-560-766-2921,1,0,0,0,0,phone,0.14,0.155,0.0,0.115,0.59, , , , 
103.610.1571,1,0,0,0,0,phone,0.0,0.0,0.0,0.0,1.0, , , , 
478.407.6639,1,0,0,0,0,phone,0.0,0.0,0.0,0.0,1.0, , , , 
Call 820-733-8365,1,0,0,0,0,phone,0.15,0.16,0.0,0.13,0.56, , , , 
391-479-0079,1,0,0,0,0,phone,0.0,0.0,0.0,0.0,1.0, , , , 
172-151-2086,1,0,0,0,0,phone,0.0,0.0,0.0,0.0,1.0, , , , 
384-845-0845,1,0,0,0,0,phone,0.0,0.0,0.0,0.0,1.0, , , , 
002-856-3367,1,0,0,0,0,phone,0.0,0.0,0.0,0.0,1.0, , , , 
219-154-2209,1,0,0,0,0,phone,0.0,0.0,0.0,0.0,1.0, , , , 
-180943,0,0,0,0,1,other,0.03,0.0,0.33,0.36,0.28, , , , 
986.721.7151,1,0,0,0,0,phone,0.0,0.0,0.0,0.0,1.0, , , , 
048-928-8451,1,0,0,0,0,phone,0.0,0.0,0.0,0.0,1.0, , , , 
983.964.3310,1,0,0,0,0,phone,0.0,0.0,0.0,0.0,1.0, , , , 
-1559,0,0,0,0,1,other,0.035,0.0,0.31,0.52,0.135, , , , 
809.288.8241,1,0,0,0,0,phone,0.0,0.0,0.0,0.0,1.0, , , , 
968-794-0272,1,0,0,0,0,phone,0.0,0.0,0.0,0.0,1.0, , , , 
235-356-9977,1,0,0,0,0,phone,0.0,0.0,0.0,0.0,1.0, , , , 
-2134,0,0,0,0,1,other,0.035,0.0,0.31,0.52,0.135, , , , 
610-085-7918,1,0,0,0,0,phone,0.0,0.0,0.0,0.0,1.0, , , , 
638-264-4364,1,0,0,0,0,phone,0.0,0.0,0.0,0.0,1.0, , , , 
773-711-2484,1,0,0,0,0,phone,0.0,0.0,0.0,0.0,1.0, , , , 
-7539,0,0,0,0,1,other,0.035,0.0,0.31,0.52,0.135, , , , 
-8553,0,0,0,0,1,other,0.035,0.0,0.31,0.52,0.135, , , , 
(674) 762-2179,1,0,0,0,0,phone,0.0,0.0,0.0,0.0,1.0, , , , 
607-028-0456,1,0,0,0,0,phone,0.0,0.0,0.0,0.0,1.0, , , , 
923-332-8446,1,0,0,0,0,phone,0.0,0.0,0.0,0.0,1.0, , , , 
707.564.0692,1,0,0,0,0,phone,0.0,0.0,0.0,0.0,1.0, , , , 
(010) 315-6245,1,0,0,0,0,phone,0.0,0.0,0.0,0.0,1.0, , , , 
330.347.6797,1,0,0,0,0,phone,0.0,0.0,0.0,0.0,1.0, , , , 
516-919-6320,1,0,0,0,0,phone,0.0,0.0,0.0,0.0,1.0, , , , 
426-750-2759,1,0,0,0,0,phone,0.0,0.0,0.0,0.0,1.0, , , , 
-108459,0,0,0,0,1,other,0.03,0.0,0.33,0.36,0.28, , , , 
(364) 021-4223,1,0,0,0,0,phone,0.0,0.0,0.0,0.0,1.0, , , , 
571-389-3950,1,0,0,0,0,phone,0.0,0.0,0.0,0.0,1.0, , , , 
(680) 460-5058,1,0,0,0,0,phone,0.0,0.0,0.0,0.0,1.0, , , , 
-69822,0,0,0,0,1,other,0.035,0.0,0.31,0.49,0.165, , , , 
114.194.0745,1,0,0,0,0,phone,0.0,0.0,0.0,0.0,1.0, , , , 
489-456-9698,1,0,0,0,0,phone,0.0,0.0,0.0,0.0,1.0, , , , 
Call 338-573-0349,1,0,0,0,0,phone,0.15,0.16,0.0,0.13,0.56, , , , 
(933) 971-9023,1,0,0,0,0,phone,0.0,0.0,0.0,0.0,1.0, , , , 
(131) 352-8852,1,0,0,0,0,phone,0.0,0.0,0.0,0.0,1.0, , , , 
971-662-9918,1,0,0,0,0,phone,0.0,0.0,0.0,0.0,1.0, , , , 
286-247-2016,1,0,0,0,0,phone,0.0,0.0,0.0,0.0,1.0, , , , 
-164071,0,0,0,0,1,other,0.03,0.0,0.33,0.36,0.28, , , , 
458-292-3874,1,0,0,0,0,phone,0.0,0.0,0.0,0.0,1.0, , , , 
(971) 761-2746,1,0,0,0,0,phone,0.0,0.0,0.0,0.0,1.0, , , , 
170-076-1147,1,0,0,0,0,phone,0.0,0.0,0.0,0.0,1.0, , , , 
-5543,0,0,0,0,1,other,0.035,0.0,0.31,0.52,0.135, , , , 
-5015,0,0,0,0,1,other,0.035,0.0,0.31,0.52,0.135, , , , 
(578) 826-0171,1,0,0,0,0,phone,0.0,0.0,0.0,0.0,1.0, , , , 
(695) 300-4211,1,0,0,0,0,phone,0.0,0.0,0.0,0.0,1.0, , , , 
Call 646.261.3322,1,0,0,0,0,phone,0.12,0.195,0.0,0.11,0.575, , , , 
077.654.5168,1,0,0,0,0,phone,0.0,0.0,0.0,0.0,1.0, , , , 
016-704-3885,1,0,0,0,0,phone,0.0,0.0,0.0,0.0,1.0, , , , 
-27661,0,0,0,0,1,other,0.035,0.0,0.31,0.49,0.165, , , , 
-112442,0,0,0,0,1,other,0.03,0.0,0.33,0.36,0.28, , , , 
012.282.6065,1,0,0,0,0,phone,0.0,0.0,0.0,0.0,1.0, , , , 
-10253,0,0,0,0,1,other,0.035,0.0,0.31,0.49,0.165, , , , 
-152115,0,0,0,0,1,other,0.03,0.0,0.33,0.36,0.28, , , , 
-129330,0,0,0,0,1,other,0.03,0.0,0.33,0.36,0.28, , , , 
-106807,0,0,0,0,1,other,0.03,0.0,0.33,0.36,0.28, , , , 
-3407,0,0,0,0,1,other,0.035,0.0,0.31,0.52,0.135, , , , 
051-268-0510,1,0,0,0,0,phone,0.0,0.0,0.0,0.0,1.0, , , , 
Call 057.223.4493,1,0,0,0,0,phone,0.12,0.195,0.0,0.11,0.575, , , , 
Call (178) 368-4170,1,0,0,0,0,phone,0.165,0.145,0.0,0.12,0.57, , , , 
187.295.3605,1,0,0,0,0,phone,0.0,0.0,0.0,0.0,1.0, , , , 
-96740,0,0,0,0,1,other,0.035,0.0,0.31,0.49,0.165, , , , 
965.287.5214,1,0,0,0,0,phone,0.0,0.0,0.0,0.0,1.0, , , , 
095.860.1734,1,0,0,0,0,phone,0.0,0.0,0.0,0.0,1.0, , , , 
495-657-8589,1,0,0,0,0,phone,0.0,0.0,0.0,0.0,1.0, , , , 
618.803.1212,1,0,0,0,0,phone,0.0,0.0,0.0,0.0,1.0, , , , 
(597) 717-4871,1,0,0,0,0,phone,0.0,0.0,0.0,0.0,1.0, , , , 
-127949,0,0,0,0,1,other,0.03,0.0,0.33,0.36,0.28, , , , 
988.809.7517,1,0,0,0,0,phone,0.0,0.0,0.0,0.0,1.0, , , , 
437.617.9865,1,0,0,0,0,phone,0.0,0.0,0.0,0.0,1.0, , , , 
-1103,0,0,0,0,1,other,0.035,0.0,0.31,0.52,0.135, , , , 
(431) 676-9569,1,0,0,0,0,phone,0.0,0.0,0.0,0.0,1.0, , , , 
-1476,0,0,0,0,1,other,0.035,0.0,0.31,0.52,0.135, , , , 
675.794.6361,1,0,0,0,0,phone,0.0,0.0,0.0,0.0,1.0, , , , 
-6969,0,0,0,0,1,other,0.035,0.0,0.31,0.52,0.135, , , , 
Call +1-524-963-9402,1,0,0,0,0,phone,0.14,0.155,0.0,0.115,0.59,US,5249639402, , 
Call (642) 072-0456,1,0,0,0,0,phone,0.165,0.145,0.0,0.12,0.57, , , , 
650-125-5625,1,0,0,0,0,phone,0.0,0.0,0.0,0.0,1.0, , , , 
-68538,0,0,0,0,1,other,0.035,0.0,0.31,0.49,0.165, , , , 
Call 250-746-9516,1,0,0,0,0,phone,0.15,0.16,0.0,0.13,0.56, , , , 
-6872,0,0,0,0,1,other,0.035,0.0,0.31,0.52,0.135, , , , 
234.837.5357,1,0,0,0,0,phone,0.0,0.0,0.0,0.0,1.0, , , , 
112-542-6764,1,0,0,0,0,phone,0.0,0.0,0.0,0.0,1.0, , , , 
(226) 082-0574,1,0,0,0,0,phone,0.0,0.0,0.0,0.0,1.0, , , , 
329-019-7426,1,0,0,0,0,phone,0.0,0.0,0.0,0.0,1.0, , , , 
(574) 957-9550,1,0,0,0,0,phone,0.0,0.0,0.0,0.0,1.0, , , , 
Call 065-303-3183,1,0,0,0,0,phone,0.15,0.16,0.0,0.13,0.56, , , , 
-4541,0,0,0,0,1,other,0.035,0.0,0.31,0.52,0.135, , , , 
-46981,0,0,0,0,1,other,0.035,0.0,0.31,0.49,0.165, , , , 
Call 398.097.5445,1,0,0,0,0,phone,0.12,0.195,0.0,0.11,0.575, , , , 
(793) 092-7259,1,0,0,0,0,phone,0.0,0.0,0.0,0.0,1.0, , , , 
478-520-8914,1,0,0,0,0,phone,0.0,0.0,0.0,0.0,1.0, , , , 
338-127-8167,1,0,0,0,0,phone,0.0,0.0,0.0,0.0,1.0, , , , 
664.389.0265,1,0,0,0,0,phone,0.0,0.0,0.0,0.0,1.0, , , , 
371.775.9484,1,0,0,0,0,phone,0.0,0.0,0.0,0.0,1.0, , , , 
303-576-7916,1,0,0,0,0,phone,0.0,0.0,0.0,0.0,1.0, , , , 
-112954,0,0,0,0,1,other,0.03,0.0,0.33,0.36,0.28, , , , 
(064) 927-9222,1,0,0,0,0,phone,0.0,0.0,0.0,0.0,1.0, , , , 
(852) 630-9211,1,0,0,0,0,phone,0.0,0.0,0.0,0.0,1.0, , , , 
-10542,0,0,0,0,1,other,0.035,0.0,0.31,0.49,0.165, , , , 
431.540.0913,1,0,0,0,0,phone,0.0,0.0,0.0,0.0,1.0, , , , 
Call 347.339.1697,1,0,0,0,0,phone,0.12,0.195,0.0,0.11,0.575, , , , 
895-089-4495,1,0,0,0,0,phone,0.0,0.0,0.0,0.0,1.0, , , , 
136-351-2203,1,0,0,0,0,phone,0.0,0.0,0.0,0.0,1.0, , , , 
(707) 398-4176,1,0,0,0,0,phone,0.0,0.0,0.0,0.0,1.0, , , , 
(407) 132-1561,1,0,0,0,0,phone,0.0,0.0,0.0,0.0,1.0, , , , 
-1434,0,0,0,0,1,other,0.035,0.0,0.31,0.52,0.135, , , , 
517.086.7217,1,0,0,0,0,phone,0.0,0.0,0.0,0.0,1.0, , , , 
-121830,0,0,0,0,1,other,0.03,0.0,0.33,0.36,0.28, , , , 
Call +91-67700-58300,1,0,0,0,0,phone,0.14,0.155,0.0,0.115,0.59,IN,6770058300, , 
-8996,0,0,0,0,1,other,0.035,0.0,0.31,0.52,0.135, , , , 
-147073,0,0,0,0,1,other,0.03,0.0,0.33,0.36,0.28, , , , 
(519) 014-3833,1,0,0,0,0,phone,0.0,0.0,0.0,0.0,1.0, , , , 
058.844.1374,1,0,0,0,0,phone,0.0,0.0,0.0,0.0,1.0, , , , 
801.850.1789,1,0,0,0,0,phone,0.0,0.0,0.0,0.0,1.0, , , , 
668-228-5148,1,0,0,0,0,phone,0.0,0.0,0.0,0.0,1.0, , , , 
578.680.2050,1,0,0,0,0,phone,0.0,0.0,0.0,0.0,1.0, , , , 
-9378,0,0,0,0,1,other,0.035,0.0,0.31,0.52,0.135, , , , 
Call 320-669-2313,1,0,0,0,0,phone,0.15,0.16,0.0,0.13,0.56, , , , 
-125300,0,0,0,0,1,other,0.03,0.0,0.33,0.36,0.28, , , , 
169-670-2521,1,0,0,0,0,phone,0.0,0.0,0.0,0.0,1.0, , , , 
401-149-2949,1,0,0,0,0,phone,0.0,0.0,0.0,0.0,1.0, , , , 
267-132-5236,1,0,0,0,0,phone,0.0,0.0,0.0,0.0,1.0, , , , 
634.857.1191,1,0,0,0,0,phone,0.0,0.0,0.0,0.0,1.0, , , , 
798-846-8521,1,0,0,0,0,phone,0.0,0.0,0.0,0.0,1.0, , , , 
(136) 116-0358,1,0,0,0,0,phone,0.0,0.0,0.0,0.0,1.0, , , , 
226-150-5125,1,0,0,0,0,phone,0.0,0.0,0.0,0.0,1.0, , , , 
918-567-5175,1,0,0,0,0,phone,0.0,0.0,0.0,0.0,1.0, , , , 
(098) 895-4512,1,0,0,0,0,phone,0.0,0.0,0.0,0.0,1.0, , , , 
-65605,0,0,0,0,1,other,0.035,0.0,0.31,0.49,0.165, , , , 
(566) 378-0800,1,0,0,0,0,phone,0.0,0.0,0.0,0.0,1.0, , , , 
-20099,0,0,0,0,1,other,0.035,0.0,0.31,0.49,0.165, , , , 
Call 883.797.8397,1,0,0,0,0,phone,0.12,0.195,0.0,0.11,0.575, , , , 
651-969-4296,1,0,0,0,0,phone,0.0,0.0,0.0,0.0,1.0, , , , 
-121558,0,0,0,0,1,other,0.03,0.0,0.33,0.36,0.28, , , , 
-1938,0,0,0,0,1,other,0.035,0.0,0.31,0.52,0.135, , , , 
007.573.7268,1,0,0,0,0,phone,0.0,0.0,0.0,0.0,1.0, , , , 
-820,0,0,0,0,1,other,0.035,0.0,0.31,0.52,0.135, , , , 
(743) 277-5735,1,0,0,0,0,phone,0.0,0.0,0.0,0.0,1.0, , , , 
-1433,0,0,0,0,1,other,0.035,0.0,0.31,0.52,0.135, , , , 
336-705-4574,1,0,0,0,0,phone,0.0,0.0,0.0,0.0,1.0, , , , 
-3820,0,0,0,0,1,other,0.035,0.0,0.31,0.52,0.135, , , , 
887.337.6834,1,0,0,0,0,phone,0.0,0.0,0.0,0.0,1.0, , , , 
-4425,0,0,0,0,1,other,0.035,0.0,0.31,0.52,0.135, , , , 
-6395,0,0,0,0,1,other,0.035,0.0,0.31,0.52,0.135, , , , 
811.103.7805,1,0,0,0,0,phone,0.0,0.0,0.0,0.0,1.0, , , , 
-72167,0,0,0,0,1,other,0.035,0.0,0.31,0.49,0.165, , , , 
-125788,0,0,0,0,1,other,0.03,0.0,0.33,0.36,0.28, , , , 
-129079,0,0,0,0,1,other,0.03,0.0,0.33,0.36,0.28, , , , 
(199) 019-7424,1,0,0,0,0,phone,0.0,0.0,0.0,0.0,1.0, , , , 
704-741-8856,1,0,0,0,0,phone,0.0,0.0,0.0,0.0,1.0, , , , 
922.005.8079,1,0,0,0,0,phone,0.0,0.0,0.0,0.0,1.0, , , , 
-6077,0,0,0,0,1,other,0.035,0.0,0.31,0.52,0.135, , , , 
660.043.6093,1,0,0,0,0,phone,0.0,0.0,0.0,0.0,1.0, , , , 
290-616-5249,1,0,0,0,0,phone,0.0,0.0,0.0,0.0,1.0, , , , 
(915) 586-4132,1,0,0,0,0,phone,0.0,0.0,0.0,0.0,1.0, , , , 
535-302-0761,1,0,0,0,0,phone,0.0,0.0,0.0,0.0,1.0, , , , 
828.345.0940,1,0,0,0,0,phone,0.0,0.0,0.0,0.0,1.0, , , , 
-121168,0,0,0,0,1,other,0.03,0.0,0.33,0.36,0.28, , , , 
(338) 716-0861,1,0,0,0,0,phone,0.0,0.0,0.0,0.0,1.0, , , , 
711-672-1759,1,0,0,0,0,phone,0.0,0.0,0.0,0.0,1.0, , , , 
792-011-2891,1,0,0,0,0,phone,0.0,0.0,0.0,0.0,1.0, , , , 
(164) 946-7528,1,0,0,0,0,phone,0.0,0.0,0.0,0.0,1.0, , , , 
(376) 491-1512,1,0,0,0,0,phone,0.0,0.0,0.0,0.0,1.0, , , , 
-79768,0,0,0,0,1,other,0.035,0.0,0.31,0.49,0.165, , , , 
-10446,0,0,0,0,1,other,0.035,0.0,0.31,0.49,0.165, , , , 
254.393.6088,1,0,0,0,0,phone,0.0,0.0,0.0,0.0,1.0, , , , 
(606) 106-9292,1,0,0,0,0,phone,0.0,0.0,0.0,0.0,1.0, , , , 
-166416,0,0,0,0,1,other,0.03,0.0,0.33,0.36,0.28, , , , 
547.930.0249,1,0,0,0,0,phone,0.0,0.0,0.0,0.0,1.0, , , , 
(688) 240-1135,1,0,0,0,0,phone,0.0,0.0,0.0,0.0,1.0, , , , 
644-624-3944,1,0,0,0,0,phone,0.0,0.0,0.0,0.0,1.0, , , , 
-55273,0,0,0,0,1,other,0.035,0.0,0.31,0.49,0.165, , , , 
Call 469-836-2971,1,0,0,0,0,phone,0.15,0.16,0.0,0.13,0.56, , , , 
283.835.8635,1,0,0,0,0,phone,0.0,0.0,0.0,0.0,1.0, , , , 
767-227-2610,1,0,0,0,0,phone,0.0,0.0,0.0,0.0,1.0, , , , 
(330) 722-1393,1,0,0,0,0,phone,0.0,0.0,0.0,0.0,1.0, , , , 
-105803,0,0,0,0,1,other,0.03,0.0,0.33,0.36,0.28, , , , 
303-690-7719,1,0,0,0,0,phone,0.0,0.0,0.0,0.0,1.0, , , , 
-4068,0,0,0,0,1,other,0.035,0.0,0.31,0.52,0.135, , , , 
315-349-0736,1,0,0,0,0,phone,0.0,0.0,0.0,0.0,1.0, , , , 
(263) 168-0625,1,0,0,0,0,phone,0.0,0.0,0.0,0.0,1.0, , , , 
(588) 101-2802,1,0,0,0,0,phone,0.0,0.0,0.0,0.0,1.0, , , , 
154.333.2770,1,0,0,0,0,phone,0.0,0.0,0.0,0.0,1.0, , , , 
(103) 993-3013,1,0,0,0,0,phone,0.0,0.0,0.0,0.0,1.0, , , , 
-3825,0,0,0,0,1,other,0.035,0.0,0.31,0.52,0.135, , , , 
(582) 179-1731,1,0,0,0,0,phone,0.0,0.0,0.0,0.0,1.0, , , , 
568-345-4300,1,0,0,0,0,phone,0.0,0.0,0.0,0.0,1.0, , , , 
538.465.9884,1,0,0,0,0,phone,0.0,0.0,0.0,0.0,1.0, , , , 
064.872.0100,1,0,0,0,0,phone,0.0,0.0,0.0,0.0,1.0, , , , 
312.820.2924,1,0,0,0,0,phone,0.0,0.0,0.0,0.0,1.0, , , , 
285-004-8627,1,0,0,0,0,phone,0.0,0.0,0.0,0.0,1.0, , , , 
Call (282) 587-6455,1,0,0,0,0,phone,0.165,0.145,0.0,0.12,0.57, , , , 
774-395-2234,1,0,0,0,0,phone,0.0,0.0,0.0,0.0,1.0, , , , 
478-160-8523,1,0,0,0,0,phone,0.0,0.0,0.0,0.0,1.0, , , , 
809-089-1888,1,0,0,0,0,phone,0.0,0.0,0.0,0.0,1.0, , , , 
-91994,0,0,0,0,1,other,0.035,0.0,0.31,0.49,0.165, , , , 
442.303.9564,1,0,0,0,0,phone,0.0,0.0,0.0,0.0,1.0, , , , 
311.642.6573,1,0,0,0,0,phone,0.0,0.0,0.0,0.0,1.0, , , , 
-7065,0,0,0,0,1,other,0.035,0.0,0.31,0.52,0.135, , , , 
861-402-4574,1,0,0,0,0,phone,0.0,0.0,0.0,0.0,1.0, , , , 
194-108-9344,1,0,0,0,0,phone,0.0,0.0,0.0,0.0,1.0, , , , 
604.119.7763,1,0,0,0,0,phone,0.0,0.0,0.0,0.0,1.0, , , , 
-7981,0,0,0,0,1,other,0.035,0.0,0.31,0.52,0.135, , , , 
743-494-8413,1,0,0,0,0,phone,0.0,0.0,0.0,0.0,1.0, , , , 
993.943.7140,1,0,0,0,0,phone,0.0,0.0,0.0,0.0,1.0, , , , 
912-301-9059,1,0,0,0,0,phone,0.0,0.0,0.0,0.0,1.0, , , , 
(970) 110-6779,1,0,0,0,0,phone,0.0,0.0,0.0,0.0,1.0, , , , 
671.813.9767,1,0,0,0,0,phone,0.0,0.0,0.0,0.0,1.0, , , , 
-8873,0,0,0,0,1,other,0.035,0.0,0.31,0.52,0.135, , , , 
Call 798.553.5566,1,0,0,0,0,phone,0.12,0.195,0.0,0.11,0.575, , , , 
-1477,0,0,0,0,1,other,0.035,0.0,0.31,0.52,0.135, , , , 
398-440-9565,1,0,0,0,0,phone,0.0,0.0,0.0,0.0,1.0, , , , 
028.910.4766,1,0,0,0,0,phone,0.0,0.0,0.0,0.0,1.0, , , , 
981-224-7361,1,0,0,0,0,phone,0.0,0.0,0.0,0.0,1.0, , , , 
-4201,0,0,0,0,1,other,0.035,0.0,0.31,0.52,0.135, , , , 
204.662.2949,1,0,0,0,0,phone,0.0,0.0,0.0,0.0,1.0, , , , 
(209) 114-2696,1,0,0,0,0,phone,0.0,0.0,0.0,0.0,1.0, , , , 
Call (652) 506-1596,1,0,0,0,0,phone,0.165,0.145,0.0,0.12,0.57, , , , 
355.899.5954,1,0,0,0,0,phone,0.0,0.0,0.0,0.0,1.0, , , , 
466-009-5011,1,0,0,0,0,phone,0.0,0.0,0.0,0.0,1.0, , , , 
-7141,0,0,0,0,1,other,0.035,0.0,0.31,0.52,0.135, , , , 
Call (587) 641-1589,1,0,0,0,0,phone,0.165,0.145,0.0,0.12,0.57, , , , 
-89946,0,0,0,0,1,other,0.035,0.0,0.31,0.49,0.165, , , , 
-3852,0,0,0,0,1,other,0.035,0.0,0.31,0.52,0.135, , , , 
Call +91-23178-39264,1,0,0,0,0,phone,0.14,0.155,0.0,0.115,0.59,IN,2317839264, , 
871-143-0032,1,0,0,0,0,phone,0.0,0.0,0.0,0.0,1.0, , , , 
749.696.3881,1,0,0,0,0,phone,0.0,0.0,0.0,0.0,1.0, , , , 
-10054,0,0,0,0,1,other,0.035,0.0,0.31,0.49,0.165, , , , 
-156318,0,0,0,0,1,other,0.03,0.0,0.33,0.36,0.28, , , , 
(369) 873-7676,1,0,0,0,0,phone,0.0,0.0,0.0,0.0,1.0, , , , 
147-744-3729,1,0,0,0,0,phone,0.0,0.0,0.0,0.0,1.0, , , , 
476-958-1313,1,0,0,0,0,phone,0.0,0.0,0.0,0.0,1.0, , , , 
-5855,0,0,0,0,1,other,0.035,0.0,0.31,0.52,0.135, , , , 
(006) 080-7191,1,0,0,0,0,phone,0.0,0.0,0.0,0.0,1.0, , , , 
(819) 542-7769,1,0,0,0,0,phone,0.0,0.0,0.0,0.0,1.0, , , , 
-98805,0,0,0,0,1,other,0.035,0.0,0.31,0.49,0.165, , , , 
-90759,0,0,0,0,1,other,0.035,0.0,0.31,0.49,0.165, , , , 
082.814.7838,1,0,0,0,0,phone,0.0,0.0,0.0,0.0,1.0, , , , 
889.072.5880,1,0,0,0,0,phone,0.0,0.0,0.0,0.0,1.0, , , , 
254-211-0478,1,0,0,0,0,phone,0.0,0.0,0.0,0.0,1.0, , , , 
(497) 460-3928,1,0,0,0,0,phone,0.0,0.0,0.0,0.0,1.0, , , , 
014.801.5002,1,0,0,0,0,phone,0.0,0.0,0.0,0.0,1.0, , , , 
(465) 414-3256,1,0,0,0,0,phone,0.0,0.0,0.0,0.0,1.0, , , , 
448-466-7725,1,0,0,0,0,phone,0.0,0.0,0.0,0.0,1.0, , , , 
(577) 919-4609,1,0,0,0,0,phone,0.0,0.0,0.0,0.0,1.0, , , , 
-58810,0,0,0,0,1,other,0.035,0.0,0.31,0.49,0.165, , , , 
-5528,0,0,0,0,1,other,0.035,0.0,0.31,0.52,0.135, , , , 
264-588-7745,1,0,0,0,0,phone,0.0,0.0,0.0,0.0,1.0, , , , 
Call (973) 773-6257,1,0,0,0,0,phone,0.165,0.145,0.0,0.12,0.57, , , , 
Call 926.310.7867,1,0,0,0,0,phone,0.12,0.195,0.0,0.11,0.575, , , , 
-135644,0,0,0,0,1,other,0.03,0.0,0.33,0.36,0.28, , , , 
Call 569-115-0102,1,0,0,0,0,phone,0.15,0.16,0.0,0.13,0.56, , , , 
(875) 796-9742,1,0,0,0,0,phone,0.0,0.0,0.0,0.0,1.0, , , , 
-133582,0,0,0,0,1,other,0.03,0.0,0.33,0.36,0.28, , , , 
-7212,0,0,0,0,1,other,0.035,0.0,0.31,0.52,0.135, , , , 
(778) 931-4896,1,0,0,0,0,phone,0.0,0.0,0.0,0.0,1.0, , , , 
457.921.6823,1,0,0,0,0,phone,0.0,0.0,0.0,0.0,1.0, , , , 
-7695,0,0,0,0,1,other,0.035,0.0,0.31,0.52,0.135, , , , 
714.953.3470,1,0,0,0,0,phone,0.0,0.0,0.0,0.0,1.0, , , , 
251-194-7914,1,0,0,0,0,phone,0.0,0.0,0.0,0.0,1.0, , , , 
-69381,0,0,0,0,1,other,0.035,0.0,0.31,0.49,0.165, , , , 
172-857-6788,1,0,0,0,0,phone,0.0,0.0,0.0,0.0,1.0, , , , 
799-220-7482,1,0,0,0,0,phone,0.0,0.0,0.0,0.0,1.0, , , , 
601.830.9639,1,0,0,0,0,phone,0.0,0.0,0.0,0.0,1.0, , , , 
338.923.0486,1,0,0,0,0,phone,0.0,0.0,0.0,0.0,1.0, , , , 
-10932,0,0,0,0,1,other,0.035,0.0,0.31,0.49,0.165, , , , 
-44678,0,0,0,0,1,other,0.035,0.0,0.31,0.49,0.165, , , , 
(784) 911-3513,1,0,0,0,0,phone,0.0,0.0,0.0,0.0,1.0, , , , 
992.322.1402,1,0,0,0,0,phone,0.0,0.0,0.0,0.0,1.0, , , , 
-9883,0,0,0,0,1,other,0.035,0.0,0.31,0.52,0.135, , , , 
(363) 151-4595,1,0,0,0,0,phone,0.0,0.0,0.0,0.0,1.0, , , , 
Call +1-863-892-2139,1,0,0,0,0,phone,0.14,0.155,0.0,0.115,0.59,US,8638922139, , 
Call +91-01948-25792,1,0,0,0,0,phone,0.14,0.155,0.0,0.115,0.59, , , , 
-6271,0,0,0,0,1,other,0.035,0.0,0.31,0.52,0.135, , , , 
960.306.2805,1,0,0,0,0,phone,0.0,0.0,0.0,0.0,1.0, , , , 
231-005-4807,1,0,0,0,0,phone,0.0,0.0,0.0,0.0,1.0, , , , 
689.034.2164,1,0,0,0,0,phone,0.0,0.0,0.0,0.0,1.0, , , , 
-24277,0,0,0,0,1,other,0.035,0.0,0.31,0.49,0.165, , , , 
541-290-7039,1,0,0,0,0,phone,0.0,0.0,0.0,0.0,1.0, , , , 
906.480.1417,1,0,0,0,0,phone,0.0,0.0,0.0,0.0,1.0, , , , 
-9157,0,0,0,0,1,other,0.035,0.0,0.31,0.52,0.135, , , , 
-136049,0,0,0,0,1,other,0.03,0.0,0.33,0.36,0.28, , , , 
-3624,0,0,0,0,1,other,0.035,0.0,0.31,0.52,0.135, , , , 
Call +1-519-156-2428,1,0,0,0,0,phone,0.14,0.155,0.0,0.115,0.59, , , , 
598-162-3544,1,0,0,0,0,phone,0.0,0.0,0.0,0.0,1.0, , , , 
-915,0,0,0,0,1,other,0.035,0.0,0.31,0.52,0.135, , , , 
-11126,0,0,0,0,1,other,0.035,0.0,0.31,0.49,0.165, , , , 
(816) 887-8608,1,0,0,0,0,phone,0.0,0.0,0.0,0.0,1.0, , , , 
-2580,0,0,0,0,1,other,0.035,0.0,0.31,0.52,0.135, , , , 
712.395.5753,1,0,0,0,0,phone,0.0,0.0,0.0,0.0,1.0, , , , 
126.883.4746,1,0,0,0,0,phone,0.0,0.0,0.0,0.0,1.0, , , , 
Call 394.843.2936,1,0,0,0,0,phone,0.12,0.195,0.0,0.11,0.575, , , , 
282-272-8059,1,0,0,0,0,phone,0.0,0.0,0.0,0.0,1.0, , , , 
483-283-9544,1,0,0,0,0,phone,0.0,0.0,0.0,0.0,1.0, , , , 
793-989-9525,1,0,0,0,0,phone,0.0,0.0,0.0,0.0,1.0, , , , 
Call 052-816-6869,1,0,0,0,0,phone,0.15,0.16,0.0,0.13,0.56, , , , 
-120599,0,0,0,0,1,other,0.03,0.0,0.33,0.36,0.28, , , , 
-3211,0,0,0,0,1,other,0.035,0.0,0.31,0.52,0.135, , , , 
338.133.1066,1,0,0,0,0,phone,0.0,0.0,0.0,0.0,1.0, , , , 
-69493,0,0,0,0,1,other,0.035,0.0,0.31,0.49,0.165, , , , 
173.749.1660,1,0,0,0,0,phone,0.0,0.0,0.0,0.0,1.0, , , , 
Call (251) 256-6597,1,0,0,0,0,phone,0.165,0.145,0.0,0.12,0.57, , , , 
(564) 603-3884,1,0,0,0,0,phone,0.0,0.0,0.0,0.0,1.0, , , , 
(699) 460-4029,1,0,0,0,0,phone,0.0,0.0,0.0,0.0,1.0, , , , 
414.906.7998,1,0,0,0,0,phone,0.0,0.0,0.0,0.0,1.0, , , , 
-10695,0,0,0,0,1,other,0.035,0.0,0.31,0.49,0.165, , , , 
891-873-3534,1,0,0,0,0,phone,0.0,0.0,0.0,0.0,1.0, , , , 
-155828,0,0,0,0,1,other,0.03,0.0,0.33,0.36,0.28, , , , 
(978) 844-6725,1,0,0,0,0,phone,0.0,0.0,0.0,0.0,1.0, , , , 
Call +91-33543-06538,1,0,0,0,0,phone,0.14,0.155,0.0,0.115,0.59,IN,3354306538, , 
908.487.9016,1,0,0,0,0,phone,0.0,0.0,0.0,0.0,1.0, , , , 
343.600.5362,1,0,0,0,0,phone,0.0,0.0,0.0,0.0,1.0, , , , 
Call 700.591.9824,1,0,0,0,0,phone,0.12,0.195,0.0,0.11,0.575, , , , 
-3680,0,0,0,0,1,other,0.035,0.0,0.31,0.52,0.135, , , , 
-68359,0,0,0,0,1,other,0.035,0.0,0.31,0.49,0.165, , , , 
(340) 532-5455,1,0,0,0,0,phone,0.0,0.0,0.0,0.0,1.0, , , , 
-110067,0,0,0,0,1,other,0.03,0.0,0.33,0.36,0.28, , , , 
-4839,0,0,0,0,1,other,0.035,0.0,0.31,0.52,0.135, , , , 
-133747,0,0,0,0,1,other,0.03,0.0,0.33,0.36,0.28, , , , 
957.842.2919,1,0,0,0,0,phone,0.0,0.0,0.0,0.0,1.0, , , , 
650.151.2443,1,0,0,0,0,phone,0.0,0.0,0.0,0.0,1.0, , , , 
(443) 619-4098,1,0,0,0,0,phone,0.0,0.0,0.0,0.0,1.0, , , , 
-3779,0,0,0,0,1,other,0.035,0.0,0.31,0.52,0.135, , , , 
(985) 041-3065,1,0,0,0,0,phone,0.0,0.0,0.0,0.0,1.0, , , , 
989-784-3682,1,0,0,0,0,phone,0.0,0.0,0.0,0.0,1.0, , , , 
-50690,0,0,0,0,1,other,0.035,0.0,0.31,0.49,0.165, , , , 
863.515.8796,1,0,0,0,0,phone,0.0,0.0,0.0,0.0,1.0, , , , 
Call +91-08022-01014,1,0,0,0,0,phone,0.14,0.155,0.0,0.115,0.59, , , , 
926-222-0262,1,0,0,0,0,phone,0.0,0.0,0.0,0.0,1.0, , , , 
Call 240.287.9046,1,0,0,0,0,phone,0.12,0.195,0.0,0.11,0.575, , , , 
-3432,0,0,0,0,1,other,0.035,0.0,0.31,0.52,0.135, , , , 
769-509-8994,1,0,0,0,0,phone,0.0,0.0,0.0,0.0,1.0, , , , 
-1175,0,0,0,0,1,other,0.035,0.0,0.31,0.52,0.135, , , , 
068-987-4484,1,0,0,0,0,phone,0.0,0.0,0.0,0.0,1.0, , , , 
-67861,0,0,0,0,1,other,0.035,0.0,0.31,0.49,0.165, , , , 
-81775,0,0,0,0,1,other,0.035,0.0,0.31,0.49,0.165, , , , 
(337) 359-3527,1,0,0,0,0,phone,0.0,0.0,0.0,0.0,1.0, , , , 
-35118,0,0,0,0,1,other,0.035,0.0,0.31,0.49,0.165, , , , 
-48861,0,0,0,0,1,other,0.035,0.0,0.31,0.49,0.165, , , , 
Call 321-597-0411,1,0,0,0,0,phone,0.15,0.16,0.0,0.13,0.56, , , , 
Call +1-594-505-3972,1,0,0,0,0,phone,0.14,0.155,0.0,0.115,0.59, , , , 
(053) 651-3772,1,0,0,0,0,phone,0.0,0.0,0.0,0.0,1.0, , , , 
421.566.1036,1,0,0,0,0,phone,0.0,0.0,0.0,0.0,1.0, , , , 
-125847,0,0,0,0,1,other,0.03,0.0,0.33,0.36,0.28, , , , 
-71695,0,0,0,0,1,other,0.035,0.0,0.31,0.49,0.165, , , , 
Call 527-701-9774,1,0,0,0,0,phone,0.15,0.16,0.0,0.13,0.56, , , , 
(688) 539-5788,1,0,0,0,0,phone,0.0,0.0,0.0,0.0,1.0, , , , 
(023) 186-4010,1,0,0,0,0,phone,0.0,0.0,0.0,0.0,1.0, , , , 
-75774,0,0,0,0,1,other,0.035,0.0,0.31,0.49,0.165, , , , 
-2620,0,0,0,0,1,other,0.035,0.0,0.31,0.52,0.135, , , , 
(682) 020-7842,1,0,0,0,0,phone,0.0,0.0,0.0,0.0,1.0, , , , 
411-794-7160,1,0,0,0,0,phone,0.0,0.0,0.0,0.0,1.0, , , , 
137.388.5505,1,0,0,0,0,phone,0.0,0.0,0.0,0.0,1.0, , , , 
731-255-6577,1,0,0,0,0,phone,0.0,0.0,0.0,0.0,1.0, , , , 
Call (235) 983-5147,1,0,0,0,0,phone,0.165,0.145,0.0,0.12,0.57, , , , 
-5821,0,0,0,0,1,other,0.035,0.0,0.31,0.52,0.135, , , , 
Call +1-081-992-1367,1,0,0,0,0,phone,0.14,0.155,0.0,0.115,0.59, , , , 
-122150,0,0,0,0,1,other,0.03,0.0,0.33,0.36,0.28, , , , 
-3868,0,0,0,0,1,other,0.035,0.0,0.31,0.52,0.135, , , , 
-26201,0,0,0,0,1,other,0.035,0.0,0.31,0.49,0.165, , , , 
412-803-3051,1,0,0,0,0,phone,0.0,0.0,0.0,0.0,1.0, , , , 
(223) 792-1825,1,0,0,0,0,phone,0.0,0.0,0.0,0.0,1.0, , , , 
618.693.9733,1,0,0,0,0,phone,0.0,0.0,0.0,0.0,1.0, , , , 
-128910,0,0,0,0,1,other,0.03,0.0,0.33,0.36,0.28, , , , 
-155282,0,0,0,0,1,other,0.03,0.0,0.33,0.36,0.28, , , , 
(793) 242-1820,1,0,0,0,0,phone,0.0,0.0,0.0,0.0,1.0, , , , 
Call +1-446-489-6712,1,0,0,0,0,phone,0.14,0.155,0.0,0.115,0.59, , , , 
-2465,0,0,0,0,1,other,0.035,0.0,0.31,0.52,0.135, , , , 
-141228,0,0,0,0,1,other,0.03,0.0,0.33,0.36,0.28, , , , 
219-257-6103,1,0,0,0,0,phone,0.0,0.0,0.0,0.0,1.0, , , , 
958.209.7230,1,0,0,0,0,phone,0.0,0.0,0.0,0.0,1.0, , , , 
780-202-9937,1,0,0,0,0,phone,0.0,0.0,0.0,0.0,1.0, , , , 
450-490-4288,1,0,0,0,0,phone,0.0,0.0,0.0,0.0,1.0, , , , 
-144700,0,0,0,0,1,other,0.03,0.0,0.33,0.36,0.28, , , , 
-97757,0,0,0,0,1,other,0.035,0.0,0.31,0.49,0.165, , , , 
-1724,0,0,0,0,1,other,0.035,0.0,0.31,0.52,0.135, , , , 
-69340,0,0,0,0,1,other,0.035,0.0,0.31,0.49,0.165, , , , 
645-178-8710,1,0,0,0,0,phone,0.0,0.0,0.0,0.0,1.0, , , , 
-5703,0,0,0,0,1,other,0.035,0.0,0.31,0.52,0.135, , , , 
-6547,0,0,0,0,1,other,0.035,0.0,0.31,0.52,0.135, , , , 
(292) 443-1794,1,0,0,0,0,phone,0.0,0.0,0.0,0.0,1.0, , , , 
-2856,0,0,0,0,1,other,0.035,0.0,0.31,0.52,0.135, , , , 
414-992-5698,1,0,0,0,0,phone,0.0,0.0,0.0,0.0,1.0, , , , 
-35492,0,0,0,0,1,other,0.035,0.0,0.31,0.49,0.165, , , , 
(933) 805-4555,1,0,0,0,0,phone,0.0,0.0,0.0,0.0,1.0, , , , 
232-799-3977,1,0,0,0,0,phone,0.0,0.0,0.0,0.0,1.0, , , , 
(423) 797-0392,1,0,0,0,0,phone,0.0,0.0,0.0,0.0,1.0, , , , 
Call +91-94528-47262,1,0,0,0,0,phone,0.14,0.155,0.0,0.115,0.59,IN,9452847262, , 
-7694,0,0,0,0,1,other,0.035,0.0,0.31,0.52,0.135, , , , 
-10514,0,0,0,0,1,other,0.035,0.0,0.31,0.49,0.165, , , , 
-6211,0,0,0,0,1,other,0.035,0.0,0.31,0.52,0.135, , , , 
-4500,0,0,0,0,1,other,0.035,0.0,0.31,0.52,0.135, , , , 
666.327.9368,1,0,0,0,0,phone,0.0,0.0,0.0,0.0,1.0, , , , 
-7485,0,0,0,0,1,other,0.035,0.0,0.31,0.52,0.135, , , , 
-6238,0,0,0,0,1,other,0.035,0.0,0.31,0.52,0.135, , , , 
222.780.2659,1,0,0,0,0,phone,0.0,0.0,0.0,0.0,1.0, , , , 
350-743-2369,1,0,0,0,0,phone,0.0,0.0,0.0,0.0,1.0, , , , 
227.241.6011,1,0,0,0,0,phone,0.0,0.0,0.0,0.0,1.0, , , , 
-8481,0,0,0,0,1,other,0.035,0.0,0.31,0.52,0.135, , , , 
(452) 654-8528,1,0,0,0,0,phone,0.0,0.0,0.0,0.0,1.0, , , , 
Call +91-75659-43664,1,0,0,0,0,phone,0.14,0.155,0.0,0.115,0.59,IN,7565943664, , 
618.972.4198,1,0,0,0,0,phone,0.0,0.0,0.0,0.0,1.0, , , , 
123.339.1908,1,0,0,0,0,phone,0.0,0.0,0.0,0.0,1.0, , , , 
500-674-5395,1,0,0,0,0,phone,0.0,0.0,0.0,0.0,1.0, , , , 
-138506,0,0,0,0,1,other,0.03,0.0,0.33,0.36,0.28, , , , 
643.303.5775,1,0,0,0,0,phone,0.0,0.0,0.0,0.0,1.0, , , , 
-102623,0,0,0,0,1,other,0.03,0.0,0.33,0.36,0.28, , , , 
Call (148) 585-1573,1,0,0,0,0,phone,0.165,0.145,0.0,0.12,0.57, , , , 
(819) 509-1241,1,0,0,0,0,phone,0.0,0.0,0.0,0.0,1.0, , , , 
464.990.1791,1,0,0,0,0,phone,0.0,0.0,0.0,0.0,1.0, , , , 
103-814-8818,1,0,0,0,0,phone,0.0,0.0,0.0,0.0,1.0, , , , 
919-315-5517,1,0,0,0,0,phone,0.0,0.0,0.0,0.0,1.0, , , , 
Call 879-863-3341,1,0,0,0,0,phone,0.15,0.16,0.0,0.13,0.56, , , , 
-96199,0,0,0,0,1,other,0.035,0.0,0.31,0.49,0.165, , , , 
(430) 912-3147,1,0,0,0,0,phone,0.0,0.0,0.0,0.0,1.0, , , , 
Call +1-494-736-1565,1,0,0,0,0,phone,0.14,0.155,0.0,0.115,0.59, , , , 
Call +1-492-680-5097,1,0,0,0,0,phone,0.14,0.155,0.0,0.115,0.59, , , , 
122.035.2032,1,0,0,0,0,phone,0.0,0.0,0.0,0.0,1.0, , , , 
118-230-1677,1,0,0,0,0,phone,0.0,0.0,0.0,0.0,1.0, , , , 
(507) 738-1134,1,0,0,0,0,phone,0.0,0.0,0.0,0.0,1.0, , , , 
014.588.0440,1,0,0,0,0,phone,0.0,0.0,0.0,0.0,1.0, , , , 
-2090,0,0,0,0,1,other,0.035,0.0,0.31,0.52,0.135, , , , 
-144125,0,0,0,0,1,other,0.03,0.0,0.33,0.36,0.28, , , , 
057-694-4029,1,0,0,0,0,phone,0.0,0.0,0.0,0.0,1.0, , , , 
229-855-5755,1,0,0,0,0,phone,0.0,0.0,0.0,0.0,1.0, , , , 
-158233,0,0,0,0,1,other,0.03,0.0,0.33,0.36,0.28, , , , 
-34004,0,0,0,0,1,other,0.035,0.0,0.31,0.49,0.165, , , , 
122-722-1968,1,0,0,0,0,phone,0.0,0.0,0.0,0.0,1.0, , , , 
-5512,0,0,0,0,1,other,0.035,0.0,0.31,0.52,0.135, , , , 
-6999,0,0,0,0,1,other,0.035,0.0,0.31,0.52,0.135, , , , 
416.496.4928,1,0,0,0,0,phone,0.0,0.0,0.0,0.0,1.0, , , , 
(622) 463-0973,1,0,0,0,0,phone,0.0,0.0,0.0,0.0,1.0, , , , 
976.408.4894,1,0,0,0,0,phone,0.0,0.0,0.0,0.0,1.0, , , , 
500.227.1513,1,0,0,0,0,phone,0.0,0.0,0.0,0.0,1.0, , , , 
408.071.9943,1,0,0,0,0,phone,0.0,0.0,0.0,0.0,1.0, , , , 
-158225,0,0,0,0,1,other,0.03,0.0,0.33,0.36,0.28, , , , 
-9028,0,0,0,0,1,other,0.035,0.0,0.31,0.52,0.135, , , , 
009-202-6699,1,0,0,0,0,phone,0.0,0.0,0.0,0.0,1.0, , , , 
264-687-7299,1,0,0,0,0,phone,0.0,0.0,0.0,0.0,1.0, , , , 
646-930-3276,1,0,0,0,0,phone,0.0,0.0,0.0,0.0,1.0, , , , 
-6185,0,0,0,0,1,other,0.035,0.0,0.31,0.52,0.135, , , , 
-91060,0,0,0,0,1,other,0.035,0.0,0.31,0.49,0.165, , , , 
032.136.6207,1,0,0,0,0,phone,0.0,0.0,0.0,0.0,1.0, , , , 
(846) 977-2085,1,0,0,0,0,phone,0.0,0.0,0.0,0.0,1.0, , , , 
303.332.0282,1,0,0,0,0,phone,0.0,0.0,0.0,0.0,1.0, , , , 
-72051,0,0,0,0,1,other,0.035,0.0,0.31,0.49,0.165, , , , 
(523) 812-1789,1,0,0,0,0,phone,0.0,0.0,0.0,0.0,1.0, , , , 
(380) 428-9374,1,0,0,0,0,phone,0.0,0.0,0.0,0.0,1.0, , , , 
553-134-4183,1,0,0,0,0,phone,0.0,0.0,0.0,0.0,1.0, , , , 
Call (337) 736-4736,1,0,0,0,0,phone,0.165,0.145,0.0,0.12,0.57, , , , 
-113294,0,0,0,0,1,other,0.03,0.0,0.33,0.36,0.28, , , , 
(358) 665-3249,1,0,0,0,0,phone,0.0,0.0,0.0,0.0,1.0, , , , 
(723) 691-8097,1,0,0,0,0,phone,0.0,0.0,0.0,0.0,1.0, , , , 
(307) 666-8726,1,0,0,0,0,phone,0.0,0.0,0.0,0.0,1.0, , , , 
-124910,0,0,0,0,1,other,0.03,0.0,0.33,0.36,0.28, , , , 
Call +91-25261-84587,1,0,0,0,0,phone,0.14,0.155,0.0,0.115,0.59, , , , 
(081) 516-1179,1,0,0,0,0,phone,0.0,0.0,0.0,0.0,1.0, , , , 
(911) 578-2930,1,0,0,0,0,phone,0.0,0.0,0.0,0.0,1.0, , , , 
414.980.5202,1,0,0,0,0,phone,0.0,0.0,0.0,0.0,1.0, , , , 
-44817,0,0,0,0,1,other,0.035,0.0,0.31,0.49,0.165, , , , 
(185) 196-1807,1,0,0,0,0,phone,0.0,0.0,0.0,0.0,1.0, , , , 
(191) 245-5404,1,0,0,0,0,phone,0.0,0.0,0.0,0.0,1.0, , , , 
-94506,0,0,0,0,1,other,0.035,0.0,0.31,0.49,0.165, , , , 
-115620,0,0,0,0,1,other,0.03,0.0,0.33,0.36,0.28, , , , 
-66814,0,0,0,0,1,other,0.035,0.0,0.31,0.49,0.165, , , , 
(269) 090-6498,1,0,0,0,0,phone,0.0,0.0,0.0,0.0,1.0, , , , 
(260) 693-6302,1,0,0,0,0,phone,0.0,0.0,0.0,0.0,1.0, , , , 
292.198.9853,1,0,0,0,0,phone,0.0,0.0,0.0,0.0,1.0, , , , 
633.239.9058,1,0,0,0,0,phone,0.0,0.0,0.0,0.0,1.0, , , , 
314-084-7670,1,0,0,0,0,phone,0.0,0.0,0.0,0.0,1.0, , , , 
-10298,0,0,0,0,1,other,0.035,0.0,0.31,0.49,0.165, , , , 
578-128-0913,1,0,0,0,0,phone,0.0,0.0,0.0,0.0,1.0, , , , 
Call 372-869-9231,1,0,0,0,0,phone,0.15,0.16,0.0,0.13,0.56, , , , 
(618) 648-4386,1,0,0,0,0,phone,0.0,0.0,0.0,0.0,1.0, , , , 
525.359.3014,1,0,0,0,0,phone,0.0,0.0,0.0,0.0,1.0, , , , 
(965) 565-7838,1,0,0,0,0,phone,0.0,0.0,0.0,0.0,1.0, , , , 
921-579-6831,1,0,0,0,0,phone,0.0,0.0,0.0,0.0,1.0, , , , 
243-737-2639,1,0,0,0,0,phone,0.0,0.0,0.0,0.0,1.0, , , , 
-130825,0,0,0,0,1,other,0.03,0.0,0.33,0.36,0.28, , , , 
-140152,0,0,0,0,1,other,0.03,0.0,0.33,0.36,0.28, , , , 
079.242.4966,1,0,0,0,0,phone,0.0,0.0,0.0,0.0,1.0, , , , 
-63004,0,0,0,0,1,other,0.035,0.0,0.31,0.49,0.165, , , , 
-7756,0,0,0,0,1,other,0.035,0.0,0.31,0.52,0.135, , , , 
Call 801-744-8979,1,0,0,0,0,phone,0.15,0.16,0.0,0.13,0.56, , , , 
-115087,0,0,0,0,1,other,0.03,0.0,0.33,0.36,0.28, , , , 
(400) 242-9447,1,0,0,0,0,phone,0.0,0.0,0.0,0.0,1.0, , , , 
-4625,0,0,0,0,1,other,0.035,0.0,0.31,0.52,0.135, , , , 
(246) 526-0589,1,0,0,0,0,phone,0.0,0.0,0.0,0.0,1.0, , , , 
-62892,0,0,0,0,1,other,0.035,0.0,0.31,0.49,0.165, , , , 
(104) 195-7273,1,0,0,0,0,phone,0.0,0.0,0.0,0.0,1.0, , , , 
647-833-0520,1,0,0,0,0,phone,0.0,0.0,0.0,0.0,1.0, , , , 
181-084-1846,1,0,0,0,0,phone,0.0,0.0,0.0,0.0,1.0, , , , 
-43826,0,0,0,0,1,other,0.035,0.0,0.31,0.49,0.165, , , , 
966.607.7521,1,0,0,0,0,phone,0.0,0.0,0.0,0.0,1.0, , , , 
-57023,0,0,0,0,1,other,0.035,0.0,0.31,0.49,0.165, , , , 
443-064-2295,1,0,0,0,0,phone,0.0,0.0,0.0,0.0,1.0, , , , 
-11029,0,0,0,0,1,other,0.035,0.0,0.31,0.49,0.165, , , , 
-8959,0,0,0,0,1,other,0.035,0.0,0.31,0.52,0.135, , , , 
-49291,0,0,0,0,1,other,0.035,0.0,0.31,0.49,0.165, , , , 
-1695,0,0,0,0,1,other,0.035,0.0,0.31,0.52,0.135, , , , 
(302) 299-8347,1,0,0,0,0,phone,0.0,0.0,0.0,0.0,1.0, , , , 
-8215,0,0,0,0,1,other,0.035,0.0,0.31,0.52,0.135, , , , 
-9368,0,0,0,0,1,other,0.035,0.0,0.31,0.52,0.135, , , , 
652.608.5499,1,0,0,0,0,phone,0.0,0.0,0.0,0.0,1.0, , , , 
107.700.4534,1,0,0,0,0,phone,0.0,0.0,0.0,0.0,1.0, , , , 
720.405.3437,1,0,0,0,0,phone,0.0,0.0,0.0,0.0,1.0, , , , 
-933,0,0,0,0,1,other,0.035,0.0,0.31,0.52,0.135, , , , 
956-381-5864,1,0,0,0,0,phone,0.0,0.0,0.0,0.0,1.0, , , , 
-164993,0,0,0,0,1,other,0.03,0.0,0.33,0.36,0.28, , , , 
552.633.2317,1,0,0,0,0,phone,0.0,0.0,0.0,0.0,1.0, , , , 
Call (731) 963-4383,1,0,0,0,0,phone,0.165,0.145,0.0,0.12,0.57, , , , 
930.945.1931,1,0,0,0,0,phone,0.0,0.0,0.0,0.0,1.0, , , , 
110-245-6022,1,0,0,0,0,phone,0.0,0.0,0.0,0.0,1.0, , , , 
348-393-7124,1,0,0,0,0,phone,0.0,0.0,0.0,0.0,1.0, , , , 
476-075-2746,1,0,0,0,0,phone,0.0,0.0,0.0,0.0,1.0, , , , 
Call (424) 780-9089,1,0,0,0,0,phone,0.165,0.145,0.0,0.12,0.57, , , , 
-3618,0,0,0,0,1,other,0.035,0.0,0.31,0.52,0.135, , , , 
(475) 618-2122,1,0,0,0,0,phone,0.0,0.0,0.0,0.0,1.0, , , , 
Call 297.369.8791,1,0,0,0,0,phone,0.12,0.195,0.0,0.11,0.575, , , , 
-6727,0,0,0,0,1,other,0.035,0.0,0.31,0.52,0.135, , , , 
(768) 023-4426,1,0,0,0,0,phone,0.0,0.0,0.0,0.0,1.0, , , , 
(272) 775-5168,1,0,0,0,0,phone,0.0,0.0,0.0,0.0,1.0, , , , 
(389) 771-6047,1,0,0,0,0,phone,0.0,0.0,0.0,0.0,1.0, , , , 
-2227,0,0,0,0,1,other,0.035,0.0,0.31,0.52,0.135, , , , 
(555) 490-3368,1,0,0,0,0,phone,0.0,0.0,0.0,0.0,1.0, , , , 
814-561-6898,1,0,0,0,0,phone,0.0,0.0,0.0,0.0,1.0, , , , 
-1988,0,0,0,0,1,other,0.035,0.0,0.31,0.52,0.135, , , , 
-150762,0,0,0,0,1,other,0.03,0.0,0.33,0.36,0.28, , , , 
-1705,0,0,0,0,1,other,0.035,0.0,0.31,0.52,0.135, , , , 
124.037.7755,1,0,0,0,0,phone,0.0,0.0,0.0,0.0,1.0, , , , 
Call +91-87481-17989,1,0,0,0,0,phone,0.14,0.155,0.0,0.115,0.59,IN,8748117989, , 
-3954,0,0,0,0,1,other,0.035,0.0,0.31,0.52,0.135, , , , 
-109883,0,0,0,0,1,other,0.03,0.0,0.33,0.36,0.28, , , , 
549.155.0281,1,0,0,0,0,phone,0.0,0.0,0.0,0.0,1.0, , , , 
Call +1-949-545-0492,1,0,0,0,0,phone,0.14,0.155,0.0,0.115,0.59,US,9495450492, , 
-158409,0,0,0,0,1,other,0.03,0.0,0.33,0.36,0.28, , , , 
757.330.3011,1,0,0,0,0,phone,0.0,0.0,0.0,0.0,1.0, , , , 
(802) 283-6981,1,0,0,0,0,phone,0.0,0.0,0.0,0.0,1.0, , , , 
-120199,0,0,0,0,1,other,0.03,0.0,0.33,0.36,0.28, , , , 
-2399,0,0,0,0,1,other,0.035,0.0,0.31,0.52,0.135, , , , 
-41012,0,0,0,0,1,other,0.035,0.0,0.31,0.49,0.165, , , , 
-8522,0,0,0,0,1,other,0.035,0.0,0.31,0.52,0.135, , , , 
-143463,0,0,0,0,1,other,0.03,0.0,0.33,0.36,0.28, , , , 
-2890,0,0,0,0,1,other,0.035,0.0,0.31,0.52,0.135, , , , 
217-868-8932,1,0,0,0,0,phone,0.0,0.0,0.0,0.0,1.0, , , , 
606.709.5506,1,0,0,0,0,phone,0.0,0.0,0.0,0.0,1.0, , , , 
-9184,0,0,0,0,1,other,0.035,0.0,0.31,0.52,0.135, , , , 
-3961,0,0,0,0,1,other,0.035,0.0,0.31,0.52,0.135, , , , 
854.286.2087,1,0,0,0,0,phone,0.0,0.0,0.0,0.0,1.0, , , , 
-4219,0,0,0,0,1,other,0.035,0.0,0.31,0.52,0.135, , , , 
Call +1-258-882-4082,1,0,0,0,0,phone,0.14,0.155,0.0,0.115,0.59, , , , 
-112376,0,0,0,0,1,other,0.03,0.0,0.33,0.36,0.28, , , , 
466-633-1300,1,0,0,0,0,phone,0.0,0.0,0.0,0.0,1.0, , , , 
(040) 435-1651,1,0,0,0,0,phone,0.0,0.0,0.0,0.0,1.0, , , , 
-127839,0,0,0,0,1,other,0.03,0.0,0.33,0.36,0.28, , , , 
(345) 563-3764,1,0,0,0,0,phone,0.0,0.0,0.0,0.0,1.0, , , , 
287.613.9055,1,0,0,0,0,phone,0.0,0.0,0.0,0.0,1.0, , , , 
-129930,0,0,0,0,1,other,0.03,0.0,0.33,0.36,0.28, , , , 
Call 929-890-8095,1,0,0,0,0,phone,0.15,0.16,0.0,0.13,0.56, , , , 
233.937.0366,1,0,0,0,0,phone,0.0,0.0,0.0,0.0,1.0, , , , 
(879) 132-1052,1,0,0,0,0,phone,0.0,0.0,0.0,0.0,1.0, , , , 
070-267-9737,1,0,0,0,0,phone,0.0,0.0,0.0,0.0,1.0, , , , 
Call +1-232-244-7405,1,0,0,0,0,phone,0.14,0.155,0.0,0.115,0.59, , , , 
495.268.3910,1,0,0,0,0,phone,0.0,0.0,0.0,0.0,1.0, , , , 
489.986.2978,1,0,0,0,0,phone,0.0,0.0,0.0,0.0,1.0, , , , 
Call (690) 008-2424,1,0,0,0,0,phone,0.165,0.145,0.0,0.12,0.57, , , , 
580-557-6293,1,0,0,0,0,phone,0.0,0.0,0.0,0.0,1.0, , , , 
-5326,0,0,0,0,1,other,0.035,0.0,0.31,0.52,0.135, , , , 
247.904.1260,1,0,0,0,0,phone,0.0,0.0,0.0,0.0,1.0, , , , 
-9224,0,0,0,0,1,other,0.035,0.0,0.31,0.52,0.135, , , , 
Call (984) 895-0184,1,0,0,0,0,phone,0.165,0.145,0.0,0.12,0.57, , , , 
(499) 759-0117,1,0,0,0,0,phone,0.0,0.0,0.0,0.0,1.0, , , , 
550-885-2700,1,0,0,0,0,phone,0.0,0.0,0.0,0.0,1.0, , , , 
292-208-5503,1,0,0,0,0,phone,0.0,0.0,0.0,0.0,1.0, , , , 
881-285-6175,1,0,0,0,0,phone,0.0,0.0,0.0,0.0,1.0, , , , 
187-769-8331,1,0,0,0,0,phone,0.0,0.0,0.0,0.0,1.0, , , , 
-9887,0,0,0,0,1,other,0.035,0.0,0.31,0.52,0.135, , , , 
219.736.7250,1,0,0,0,0,phone,0.0,0.0,0.0,0.0,1.0, , , , 
685.847.9470,1,0,0,0,0,phone,0.0,0.0,0.0,0.0,1.0, , , , 
621.742.6028,1,0,0,0,0,phone,0.0,0.0,0.0,0.0,1.0, , , , 
442.619.9923,1,0,0,0,0,phone,0.0,0.0,0.0,0.0,1.0, , , , 
-2189,0,0,0,0,1,other,0.035,0.0,0.31,0.52,0.135, , , , 
-8121,0,0,0,0,1,other,0.035,0.0,0.31,0.52,0.135, , , , 
-51612,0,0,0,0,1,other,0.035,0.0,0.31,0.49,0.165, , , , 
851-336-4377,1,0,0,0,0,phone,0.0,0.0,0.0,0.0,1.0, , , , 
590.606.0865,1,0,0,0,0,phone,0.0,0.0,0.0,0.0,1.0, , , , 
747-780-4691,1,0,0,0,0,phone,0.0,0.0,0.0,0.0,1.0, , , , 
-104894,0,0,0,0,1,other,0.03,0.0,0.33,0.36,0.28, , , , 
-94144,0,0,0,0,1,other,0.035,0.0,0.31,0.49,0.165, , , , 
246.861.3444,1,0,0,0,0,phone,0.0,0.0,0.0,0.0,1.0, , , , 
274.847.9608,1,0,0,0,0,phone,0.0,0.0,0.0,0.0,1.0, , , , 
844-769-3055,1,0,0,0,0,phone,0.0,0.0,0.0,0.0,1.0, , , , 
937.682.6314,1,0,0,0,0,phone,0.0,0.0,0.0,0.0,1.0, , , , 
Call +91-52110-65226,1,0,0,0,0,phone,0.14,0.155,0.0,0.115,0.59, , , , 
-67754,0,0,0,0,1,other,0.035,0.0,0.31,0.49,0.165, , , , 
533-347-2880,1,0,0,0,0,phone,0.0,0.0,0.0,0.0,1.0, , , , 
(840) 892-8171,1,0,0,0,0,phone,0.0,0.0,0.0,0.0,1.0, , , , 
-7315,0,0,0,0,1,other,0.035,0.0,0.31,0.52,0.135, , , , 
044-443-3433,1,0,0,0,0,phone,0.0,0.0,0.0,0.0,1.0, , , , 
-22259,0,0,0,0,1,other,0.035,0.0,0.31,0.49,0.165, , , , 
-160322,0,0,0,0,1,other,0.03,0.0,0.33,0.36,0.28, , , , 
-1372,0,0,0,0,1,other,0.035,0.0,0.31,0.52,0.135, , , , 
-8399,0,0,0,0,1,other,0.035,0.0,0.31,0.52,0.135, , , , 
-88713,0,0,0,0,1,other,0.035,0.0,0.31,0.49,0.165, , , , 
593-202-5861,1,0,0,0,0,phone,0.0,0.0,0.0,0.0,1.0, , , , 
(193) 812-8526,1,0,0,0,0,phone,0.0,0.0,0.0,0.0,1.0, , , , 
749-563-6298,1,0,0,0,0,phone,0.0,0.0,0.0,0.0,1.0, , , , 
Call 113.119.6712,1,0,0,0,0,phone,0.12,0.195,0.0,0.11,0.575, , , , 
-3389,0,0,0,0,1,other,0.035,0.0,0.31,0.52,0.135, , , , 
(974) 219-1827,1,0,0,0,0,phone,0.0,0.0,0.0,0.0,1.0, , , , 
-144601,0,0,0,0,1,other,0.03,0.0,0.33,0.36,0.28, , , , 
Call +91-39317-99663,1,0,0,0,0,phone,0.14,0.155,0.0,0.115,0.59, , , , 
422.397.7785,1,0,0,0,0,phone,0.0,0.0,0.0,0.0,1.0, , , , 
Call +1-309-957-3684,1,0,0,0,0,phone,0.14,0.155,0.0,0.115,0.59,US,3099573684, , 
751-089-4897,1,0,0,0,0,phone,0.0,0.0,0.0,0.0,1.0, , , , 
-99190,0,0,0,0,1,other,0.035,0.0,0.31,0.49,0.165, , , , 
-101871,0,0,0,0,1,other,0.03,0.0,0.33,0.36,0.28, , , , 
731.582.5814,1,0,0,0,0,phone,0.0,0.0,0.0,0.0,1.0, , , , 
398-876-5944,1,0,0,0,0,phone,0.0,0.0,0.0,0.0,1.0, , , , 
-119317,0,0,0,0,1,other,0.03,0.0,0.33,0.36,0.28, , , , 
284-881-8662,1,0,0,0,0,phone,0.0,0.0,0.0,0.0,1.0, , , , 
-96832,0,0,0,0,1,other,0.035,0.0,0.31,0.49,0.165, , , , 
305-230-9715,1,0,0,0,0,phone,0.0,0.0,0.0,0.0,1.0, , , , 
(181) 355-0135,1,0,0,0,0,phone,0.0,0.0,0.0,0.0,1.0, , , , 
015.125.0892,1,0,0,0,0,phone,0.0,0.0,0.0,0.0,1.0, , , , 
-7302,0,0,0,0,1,other,0.035,0.0,0.31,0.52,0.135, , , , 
330-610-6506,1,0,0,0,0,phone,0.0,0.0,0.0,0.0,1.0, , , , 
(933) 635-0803,1,0,0,0,0,phone,0.0,0.0,0.0,0.0,1.0, , , , 
-3404,0,0,0,0,1,other,0.035,0.0,0.31,0.52,0.135, , , , 
-55424,0,0,0,0,1,other,0.035,0.0,0.31,0.49,0.165, , , , 
-2385,0,0,0,0,1,other,0.035,0.0,0.31,0.52,0.135, , , , 
(140) 056-9631,1,0,0,0,0,phone,0.0,0.0,0.0,0.0,1.0, , , , 
(733) 097-7538,1,0,0,0,0,phone,0.0,0.0,0.0,0.0,1.0, , , , 
361.885.7869,1,0,0,0,0,phone,0.0,0.0,0.0,0.0,1.0, , , , 
-49307,0,0,0,0,1,other,0.035,0.0,0.31,0.49,0.165, , , , 
(494) 871-1637,1,0,0,0,0,phone,0.0,0.0,0.0,0.0,1.0, , , , 
Call +1-769-956-9886,1,0,0,0,0,phone,0.14,0.155,0.0,0.115,0.59,US,7699569886, , 
(016) 133-2448,1,0,0,0,0,phone,0.0,0.0,0.0,0.0,1.0, , , , 
(522) 072-5743,1,0,0,0,0,phone,0.0,0.0,0.0,0.0,1.0, , , , 
(079) 232-1981,1,0,0,0,0,phone,0.0,0.0,0.0,0.0,1.0, , , , 
(321) 676-2302,1,0,0,0,0,phone,0.0,0.0,0.0,0.0,1.0, , , , 
(819) 989-4642,1,0,0,0,0,phone,0.0,0.0,0.0,0.0,1.0, , , , 
239-245-6657,1,0,0,0,0,phone,0.0,0.0,0.0,0.0,1.0, , , , 
Call +91-80564-63964,1,0,0,0,0,phone,0.14,0.155,0.0,0.115,0.59,IN,8056463964, , 
689-058-9650,1,0,0,0,0,phone,0.0,0.0,0.0,0.0,1.0, , , , 
(781) 789-6624,1,0,0,0,0,phone,0.0,0.0,0.0,0.0,1.0, , , , 
620.818.0024,1,0,0,0,0,phone,0.0,0.0,0.0,0.0,1.0, , , , 
623-560-1800,1,0,0,0,0,phone,0.0,0.0,0.0,0.0,1.0, , , , 
-90015,0,0,0,0,1,other,0.035,0.0,0.31,0.49,0.165, , , , 
655-993-5636,1,0,0,0,0,phone,0.0,0.0,0.0,0.0,1.0, , , , 
248.357.0038,1,0,0,0,0,phone,0.0,0.0,0.0,0.0,1.0, , , , 
-109539,0,0,0,0,1,other,0.03,0.0,0.33,0.36,0.28, , , , 
-6129,0,0,0,0,1,other,0.035,0.0,0.31,0.52,0.135, , , , 
(698) 606-4975,1,0,0,0,0,phone,0.0,0.0,0.0,0.0,1.0, , , , 
(615) 831-1904,1,0,0,0,0,phone,0.0,0.0,0.0,0.0,1.0, , , , 
789-354-1843,1,0,0,0,0,phone,0.0,0.0,0.0,0.0,1.0, , , , 
-7774,0,0,0,0,1,other,0.035,0.0,0.31,0.52,0.135, , , , 
894.863.0166,1,0,0,0,0,phone,0.0,0.0,0.0,0.0,1.0, , , , 
Call 482-013-0301,1,0,0,0,0,phone,0.15,0.16,0.0,0.13,0.56, , , , 
-101748,0,0,0,0,1,other,0.03,0.0,0.33,0.36,0.28, , , , 
-106731,0,0,0,0,1,other,0.03,0.0,0.33,0.36,0.28, , , , 
(389) 724-0125,1,0,0,0,0,phone,0.0,0.0,0.0,0.0,1.0, , , , 
-6396,0,0,0,0,1,other,0.035,0.0,0.31,0.52,0.135, , , , 
(798) 266-2905,1,0,0,0,0,phone,0.0,0.0,0.0,0.0,1.0, , , , 
683-098-0391,1,0,0,0,0,phone,0.0,0.0,0.0,0.0,1.0, , , , 
-5648,0,0,0,0,1,other,0.035,0.0,0.31,0.52,0.135, , , , 
311-442-3357,1,0,0,0,0,phone,0.0,0.0,0.0,0.0,1.0, , , , 
(585) 334-7166,1,0,0,0,0,phone,0.0,0.0,0.0,0.0,1.0, , , , 
-7333,0,0,0,0,1,other,0.035,0.0,0.31,0.52,0.135, , , , 
-144684,0,0,0,0,1,other,0.03,0.0,0.33,0.36,0.28, , , , 
533.550.5855,1,0,0,0,0,phone,0.0,0.0,0.0,0.0,1.0, , , , 
Call 209.681.9788,1,0,0,0,0,phone,0.12,0.195,0.0,0.11,0.575, , , , 
465-087-8691,1,0,0,0,0,phone,0.0,0.0,0.0,0.0,1.0, , , , 
405-975-1991,1,0,0,0,0,phone,0.0,0.0,0.0,0.0,1.0, , , , 
501.965.9879,1,0,0,0,0,phone,0.0,0.0,0.0,0.0,1.0, , , , 
-55281,0,0,0,0,1,other,0.035,0.0,0.31,0.49,0.165, , , , 
(024) 233-4027,1,0,0,0,0,phone,0.0,0.0,0.0,0.0,1.0, , , , 
-11400,0,0,0,0,1,other,0.035,0.0,0.31,0.49,0.165, , , , 
(959) 150-6046,1,0,0,0,0,phone,0.0,0.0,0.0,0.0,1.0, , , , 
-117771,0,0,0,0,1,other,0.03,0.0,0.33,0.36,0.28, , , , 
Call (335) 832-1963,1,0,0,0,0,phone,0.165,0.145,0.0,0.12,0.57, , , , 
-63777,0,0,0,0,1,other,0.035,0.0,0.31,0.49,0.165, , , , 
363.054.4581,1,0,0,0,0,phone,0.0,0.0,0.0,0.0,1.0, , , , 
(332) 041-0292,1,0,0,0,0,phone,0.0,0.0,0.0,0.0,1.0, , , , 
